,time,t,fricv,shtfl,sp,u10,v10
0,2021-01-01 00:00:00,273.55746,0.1,-9.0,100620.0,1.9041862,-1.2674541
1,2021-01-01 01:00:00,273.25,0.12,-11.0,100710.0,1.823103,-1.7122078
2,2021-01-01 02:00:00,273.1494,0.22,-26.0,100760.0,1.973156,-1.9060764
3,2021-01-01 03:00:00,272.95193,0.21,-19.0,100820.0,1.8642349,-1.8908997
4,2021-01-01 04:00:00,272.4074,0.08,-3.0,100930.0,1.1616478,-1.1268425
5,2021-01-01 05:00:00,271.6673,0.06,-3.0,101000.0,0.9759674,-1.1246338
6,2021-01-01 06:00:00,270.1482,0.1,-12.0,101040.0,1.5690956,-1.4718685
7,2021-01-01 07:00:00,269.54694,0.06,-4.0,101110.0,1.1266956,-1.2880001
8,2021-01-01 08:00:00,268.61682,0.02,-1.0,101170.0,0.47616768,-0.43476868
9,2021-01-01 09:00:00,267.87213,0.03,-3.0,101230.0,0.5502262,-0.8671875
10,2021-01-01 10:00:00,267.05304,0.04,-4.0,101230.0,1.00531,-0.9732723
11,2021-01-01 11:00:00,267.22836,0.06,-10.0,101230.0,1.45578,-1.1130695
12,2021-01-01 12:00:00,267.69824,0.06,-7.0,101250.0,1.4331627,-1.1068516
13,2021-01-01 13:00:00,267.90216,0.01,-1.0,101330.0,0.42445374,0.15702248
14,2021-01-01 14:00:00,272.15265,0.03,2.0,101300.0,0.18406868,0.034970284
15,2021-01-01 15:00:00,276.17007,0.09,41.0,101300.0,-0.63038826,-0.010055542
16,2021-01-01 16:00:00,277.79773,0.21,96.0,101290.0,-1.705904,0.55532265
17,2021-01-01 17:00:00,278.3438,0.25,133.0,101190.0,-1.4162579,1.6938334
18,2021-01-01 18:00:00,277.79193,0.2,95.0,101140.0,-1.3795986,0.9869728
19,2021-01-01 19:00:00,277.4024,0.26,79.0,100970.0,-2.1904955,1.1076088
20,2021-01-01 20:00:00,276.1011,0.2,33.0,100970.0,-1.3921938,1.3712091
21,2021-01-01 21:00:00,274.58167,0.17,-3.0,100840.0,-1.9325294,0.36828136
22,2021-01-01 22:00:00,273.62073,0.06,-2.0,100850.0,-1.1540909,0.7783413
23,2021-01-01 23:00:00,273.3515,0.16,-8.0,100750.0,-1.9172802,0.53323936
24,2021-01-02 00:00:00,273.252,0.24,-10.0,100660.0,-2.552825,1.0670242
25,2021-01-02 01:00:00,273.30634,0.39,-5.0,100440.0,-4.1678123,-0.11050129
26,2021-01-02 02:00:00,273.12842,0.3,1.0,100260.0,-2.9650068,1.2596426
27,2021-01-02 03:00:00,272.84824,0.3,-1.0,100260.0,-3.1857977,-0.58539104
28,2021-01-02 04:00:00,273.22202,0.34,-4.0,100070.0,-3.6419563,0.41427422
29,2021-01-02 05:00:00,273.36896,0.27,2.0,99770.0,-2.8780136,-0.30373478
30,2021-01-02 06:00:00,273.51266,0.12,-1.0,99670.0,-1.3962946,0.43237686
31,2021-01-02 07:00:00,273.93555,0.1,-1.0,99480.0,-0.45156765,1.2082577
32,2021-01-02 08:00:00,274.1316,0.12,-3.0,99240.0,0.3009119,1.5289812
33,2021-01-02 09:00:00,274.4323,0.16,-5.0,99030.0,-0.94114876,1.7032957
34,2021-01-02 10:00:00,274.3742,0.19,-5.0,98840.0,-0.26923943,2.1434402
35,2021-01-02 11:00:00,274.50906,0.16,-3.0,98770.0,0.81852055,1.6352005
36,2021-01-02 12:00:00,274.47586,0.02,-1.0,98750.0,-0.73670197,-0.04670143
37,2021-01-02 13:00:00,274.7497,0.2,-20.0,98790.0,-2.4711323,-0.598279
38,2021-01-02 14:00:00,276.06287,0.1,0.0,98820.0,-0.37744904,-1.1793737
39,2021-01-02 15:00:00,278.3675,0.3,59.0,98790.0,2.6781483,1.1473045
40,2021-01-02 16:00:00,279.03873,0.34,33.0,98880.0,3.1170177,1.5786247
41,2021-01-02 17:00:00,281.21262,0.42,-4.0,98840.0,4.427704,-0.26168442
42,2021-01-02 18:00:00,281.682,0.63,-9.0,98830.0,5.402397,-3.8421497
43,2021-01-02 19:00:00,280.99316,0.62,-5.0,99020.0,5.463312,-3.6568508
44,2021-01-02 20:00:00,279.57178,0.67,-18.0,99190.0,5.298424,-4.7893314
45,2021-01-02 21:00:00,277.43646,0.61,-65.0,99350.0,4.6215134,-4.654833
46,2021-01-02 22:00:00,275.60956,0.54,-80.0,99530.0,3.6994114,-4.6476994
47,2021-01-02 23:00:00,274.82736,0.28,-40.0,99650.0,2.427781,-2.3346405
48,2021-01-03 00:00:00,274.12177,0.06,-5.0,99740.0,1.7060013,-0.045454025
49,2021-01-03 01:00:00,273.76382,0.19,-16.0,99830.0,1.5693264,-1.788805
50,2021-01-03 02:00:00,273.09433,0.32,-28.0,99900.0,2.762148,-2.3258648
51,2021-01-03 03:00:00,272.7411,0.01,0.0,99950.0,-0.041622162,-0.29660797
52,2021-01-03 04:00:00,272.60913,0.2,-14.0,100020.0,1.2551031,-2.0396347
53,2021-01-03 05:00:00,272.40723,0.27,-14.0,100030.0,2.0506268,-2.24086
54,2021-01-03 06:00:00,272.0776,0.18,-11.0,100080.0,1.6528883,-1.4200745
55,2021-01-03 07:00:00,271.62845,0.13,-7.0,100110.0,1.1290216,-1.3798695
56,2021-01-03 08:00:00,270.12494,0.05,-4.0,100130.0,1.270319,-1.0306101
57,2021-01-03 09:00:00,271.39752,0.16,-8.0,100070.0,0.98367596,-1.7626514
58,2021-01-03 10:00:00,270.1651,0.02,-1.0,100110.0,-0.080168724,-0.60983944
59,2021-01-03 11:00:00,270.1428,0.05,-4.0,99930.0,-0.72140884,-1.3657932
60,2021-01-03 12:00:00,269.91852,0.04,-3.0,99990.0,-1.1231432,0.9098625
61,2021-01-03 13:00:00,270.32883,0.07,-5.0,100170.0,-0.29499245,1.7115097
62,2021-01-03 14:00:00,272.04227,0.22,5.0,100220.0,-2.2228956,0.119846344
63,2021-01-03 15:00:00,272.73944,0.26,17.0,100170.0,-2.681426,0.050621033
64,2021-01-03 16:00:00,274.47742,0.3,54.0,100040.0,-2.9959745,0.11225891
65,2021-01-03 17:00:00,274.95288,0.26,71.0,99850.0,-2.2392006,-1.1210785
66,2021-01-03 18:00:00,275.19916,0.27,44.0,99680.0,-2.6632442,-0.544384
67,2021-01-03 19:00:00,275.18158,0.23,37.0,99620.0,-2.1850214,-0.41719818
68,2021-01-03 20:00:00,274.4772,0.25,22.0,99660.0,-2.497282,-0.5918131
69,2021-01-03 21:00:00,273.78906,0.25,5.0,99650.0,-2.556899,-0.75134945
70,2021-01-03 22:00:00,273.4256,0.17,0.0,99640.0,-1.812047,-0.4191122
71,2021-01-03 23:00:00,273.1691,0.11,0.0,99650.0,-1.1252928,-0.60478115
72,2021-01-04 00:00:00,273.2486,0.04,0.0,99670.0,0.77461815,-0.45160103
73,2021-01-04 01:00:00,273.38318,0.04,0.0,99650.0,0.8674526,0.25588608
74,2021-01-04 02:00:00,273.3572,0.03,0.0,99610.0,0.69263077,0.47161102
75,2021-01-04 03:00:00,273.3487,0.01,0.0,99580.0,0.31435966,-0.17136574
76,2021-01-04 04:00:00,273.32385,0.12,0.0,99570.0,0.12569714,1.4088993
77,2021-01-04 05:00:00,272.87537,0.01,0.0,99540.0,0.15766239,-0.040122986
78,2021-01-04 06:00:00,273.27618,0.1,-1.0,99530.0,1.1918688,-0.3477974
79,2021-01-04 07:00:00,273.3238,0.16,4.0,99550.0,1.3195629,-1.1124268
80,2021-01-04 08:00:00,273.31866,0.18,3.0,99560.0,1.1885033,-1.5314732
81,2021-01-04 09:00:00,273.23993,0.16,6.0,99540.0,0.9914379,-1.366188
82,2021-01-04 10:00:00,273.2033,0.15,4.0,99550.0,0.8395786,-1.3394184
83,2021-01-04 11:00:00,270.54758,0.07,-7.0,99570.0,1.5085526,-1.190422
84,2021-01-04 12:00:00,272.0705,0.14,-4.0,99620.0,1.2657242,-1.2443523
85,2021-01-04 13:00:00,273.02045,0.12,1.0,99670.0,1.0923729,-0.7427921
86,2021-01-04 14:00:00,274.19458,0.18,22.0,99710.0,1.0107403,-1.4404488
87,2021-01-04 15:00:00,275.49554,0.21,29.0,99750.0,1.3442478,-1.5880432
88,2021-01-04 16:00:00,276.57947,0.21,47.0,99670.0,0.902874,-1.6969681
89,2021-01-04 17:00:00,277.9391,0.23,66.0,99610.0,1.0721588,-1.740036
90,2021-01-04 18:00:00,277.83447,0.31,63.0,99530.0,0.66487885,-3.0189629
91,2021-01-04 19:00:00,277.53027,0.31,47.0,99450.0,0.90818596,-3.0025063
92,2021-01-04 20:00:00,276.95938,0.31,18.0,99470.0,1.766222,-2.6193676
93,2021-01-04 21:00:00,275.83374,0.29,-3.0,99510.0,2.169775,-2.1762333
94,2021-01-04 22:00:00,273.5428,0.09,-6.0,99530.0,1.7036076,-1.1736927
95,2021-01-04 23:00:00,274.42252,0.14,3.0,99520.0,1.0610847,-0.9194164
96,2021-01-05 00:00:00,272.06195,0.06,-5.0,99530.0,1.4485703,-1.0300064
97,2021-01-05 01:00:00,273.4148,0.04,-1.0,99550.0,0.8820324,-0.38973808
98,2021-01-05 02:00:00,273.75333,0.03,0.0,99530.0,0.59092903,-0.30545044
99,2021-01-05 03:00:00,273.8632,0.14,5.0,99540.0,0.73371696,-1.2033081
100,2021-01-05 04:00:00,272.7069,0.03,-1.0,99500.0,0.26696587,-0.9438057
101,2021-01-05 05:00:00,272.56845,0.03,-1.0,99460.0,0.69911003,-0.55753326
102,2021-01-05 06:00:00,273.11908,0.12,-5.0,99430.0,1.1110573,-1.117466
103,2021-01-05 07:00:00,273.1333,0.11,-2.0,99420.0,0.9421902,-0.99939156
104,2021-01-05 08:00:00,273.26593,0.15,-3.0,99450.0,1.3175869,-1.0796947
105,2021-01-05 09:00:00,273.38837,0.15,-1.0,99420.0,1.4130745,-0.9339409
106,2021-01-05 10:00:00,273.43875,0.11,0.0,99390.0,0.9752922,-0.8026886
107,2021-01-05 11:00:00,272.56213,0.08,-3.0,99440.0,1.4316473,-0.9170704
108,2021-01-05 12:00:00,272.77747,0.08,-3.0,99430.0,0.7979975,-1.5156803
109,2021-01-05 13:00:00,273.3902,0.12,-4.0,99450.0,0.7869787,-1.3667603
110,2021-01-05 14:00:00,274.83676,0.1,14.0,99450.0,0.5796757,-0.67765427
111,2021-01-05 15:00:00,275.14124,0.12,4.0,99460.0,0.41761875,-1.2058811
112,2021-01-05 16:00:00,276.53503,0.22,39.0,99380.0,1.1439886,-1.7873688
113,2021-01-05 17:00:00,277.01514,0.24,40.0,99340.0,1.3109283,-1.8698254
114,2021-01-05 18:00:00,276.30847,0.32,9.0,99260.0,2.3030148,-2.3800697
115,2021-01-05 19:00:00,275.63654,0.31,-4.0,99240.0,1.8360043,-2.7977562
116,2021-01-05 20:00:00,276.1557,0.29,13.0,99280.0,1.4329815,-2.7270336
117,2021-01-05 21:00:00,275.2333,0.24,-2.0,99320.0,1.4169292,-2.1852703
118,2021-01-05 22:00:00,274.76825,0.26,-2.0,99370.0,1.6081686,-2.2351189
119,2021-01-05 23:00:00,274.50494,0.19,-5.0,99400.0,1.1092167,-1.8434296
120,2021-01-06 00:00:00,274.26013,0.23,-7.0,99430.0,1.5908813,-1.9058323
121,2021-01-06 01:00:00,274.20605,0.28,-10.0,99430.0,1.8057079,-2.5347977
122,2021-01-06 02:00:00,274.06903,0.25,-10.0,99450.0,1.671237,-2.2994232
123,2021-01-06 03:00:00,274.05307,0.21,-8.0,99410.0,1.821537,-1.5638752
124,2021-01-06 04:00:00,273.82196,0.13,-3.0,99400.0,1.215272,-0.9658203
125,2021-01-06 05:00:00,273.7614,0.27,-3.0,99400.0,1.551816,-2.3780441
126,2021-01-06 06:00:00,273.04028,0.26,-20.0,99400.0,1.8194532,-2.408472
127,2021-01-06 07:00:00,273.1266,0.32,-13.0,99420.0,2.1383696,-2.8190403
128,2021-01-06 08:00:00,273.05783,0.37,-14.0,99440.0,2.3416567,-3.3552494
129,2021-01-06 09:00:00,273.04242,0.45,-15.0,99440.0,2.6609163,-4.001766
130,2021-01-06 10:00:00,272.8954,0.48,-7.0,99420.0,2.6972504,-4.329836
131,2021-01-06 11:00:00,272.86542,0.52,-9.0,99419.41,3.174057,-4.5699615
132,2021-01-06 12:00:00,272.8621,0.57,0.0,99470.0,3.6437578,-4.846117
133,2021-01-06 13:00:00,272.80365,0.59,25.0,99500.0,3.5000067,-5.2070923
134,2021-01-06 14:00:00,273.0618,0.61,38.0,99610.0,3.994649,-5.1502
135,2021-01-06 15:00:00,273.86523,0.66,77.0,99660.0,4.481282,-5.3488884
136,2021-01-06 16:00:00,274.81833,0.68,112.0,99630.0,4.297714,-5.7472553
137,2021-01-06 17:00:00,275.84247,0.75,172.0,99580.0,4.9724503,-6.0339775
138,2021-01-06 18:00:00,275.83423,0.68,138.0,99560.0,4.448472,-5.476034
139,2021-01-06 19:00:00,275.732,0.68,114.0,99530.0,3.8874006,-5.9913063
140,2021-01-06 20:00:00,274.74194,0.63,59.0,99560.0,4.1959324,-5.1791925
141,2021-01-06 21:00:00,273.09595,0.59,-18.0,99610.0,4.1824856,-4.7414303
142,2021-01-06 22:00:00,272.7062,0.62,-27.0,99630.0,4.2264156,-5.113099
143,2021-01-06 23:00:00,272.7169,0.61,-31.0,99690.0,4.039811,-5.1411533
144,2021-01-07 00:00:00,272.68127,0.56,-32.0,99710.0,4.1358023,-4.4473467
145,2021-01-07 01:00:00,272.62457,0.62,-44.0,99690.0,4.139262,-5.2914715
146,2021-01-07 02:00:00,272.6755,0.63,-33.0,99690.0,4.089179,-5.458397
147,2021-01-07 03:00:00,272.61664,0.63,-25.0,99690.0,3.827468,-5.5881424
148,2021-01-07 04:00:00,272.50812,0.66,0.0,99710.0,4.079077,-5.7901077
149,2021-01-07 05:00:00,272.39136,0.58,1.0,99710.0,3.8141193,-4.935808
150,2021-01-07 06:00:00,272.15436,0.56,2.0,99760.0,3.6654148,-4.7689695
151,2021-01-07 07:00:00,271.96515,0.54,13.0,99790.0,3.589345,-4.5630264
152,2021-01-07 08:00:00,271.82867,0.56,18.0,99840.0,3.6199875,-4.661669
153,2021-01-07 09:00:00,271.60297,0.6,28.0,99830.0,3.4535265,-5.405347
154,2021-01-07 10:00:00,271.24432,0.6,38.0,99820.0,4.003866,-4.9049864
155,2021-01-07 11:00:00,269.6109,0.5,-12.0,99880.0,3.812109,-3.8157988
156,2021-01-07 12:00:00,269.6093,0.59,-3.0,99930.0,3.7606363,-5.022112
157,2021-01-07 13:00:00,269.81357,0.58,5.0,99980.0,3.569397,-5.065037
158,2021-01-07 14:00:00,271.14105,0.66,58.0,100060.0,4.0989656,-5.5833845
159,2021-01-07 15:00:00,271.71204,0.7,74.0,100050.0,4.2788124,-6.009042
160,2021-01-07 16:00:00,273.83527,0.65,128.0,100000.0,4.420083,-5.089199
161,2021-01-07 17:00:00,275.45087,0.67,173.0,99960.0,3.9735374,-5.6947374
162,2021-01-07 18:00:00,275.9917,0.61,174.0,99900.0,3.9931545,-4.9339294
163,2021-01-07 19:00:00,275.42944,0.7,131.0,99890.0,4.6311646,-5.736124
164,2021-01-07 20:00:00,274.4312,0.67,63.0,99920.0,4.3053055,-5.5563135
165,2021-01-07 21:00:00,272.82806,0.59,-19.0,99960.0,3.9296875,-4.8884783
166,2021-01-07 22:00:00,272.25543,0.56,-18.0,99990.0,3.843093,-4.671521
167,2021-01-07 23:00:00,272.00665,0.66,-13.0,100000.0,4.519889,-5.3863564
168,2021-01-08 00:00:00,271.69275,0.68,-3.0,100040.0,4.5257807,-5.6538086
169,2021-01-08 01:00:00,271.37872,0.66,30.0,100060.0,4.1031923,-5.6064053
170,2021-01-08 02:00:00,270.00192,0.6,-17.0,100010.0,3.8671236,-5.1084146
171,2021-01-08 03:00:00,270.23322,0.52,21.0,100030.0,3.278945,-4.49518
172,2021-01-08 04:00:00,269.6137,0.58,12.0,99970.0,3.3202286,-5.172697
173,2021-01-08 05:00:00,269.62762,0.6,17.0,99940.0,3.2707043,-5.486306
174,2021-01-08 06:00:00,269.67584,0.59,13.0,99880.0,3.261177,-5.341523
175,2021-01-08 07:00:00,269.24988,0.51,2.0,99910.0,3.2638779,-4.361086
176,2021-01-08 08:00:00,268.68372,0.45,-15.0,99890.0,2.7393074,-4.060402
177,2021-01-08 09:00:00,268.16586,0.45,-18.0,99820.0,2.7355995,-4.072838
178,2021-01-08 10:00:00,268.62878,0.31,2.0,99820.0,2.3533106,-2.2853317
179,2021-01-08 11:00:00,268.65628,0.41,2.0,99810.0,2.8285074,-3.3032227
180,2021-01-08 12:00:00,267.79443,0.48,-16.0,99800.0,2.939601,-4.2445927
181,2021-01-08 13:00:00,267.9984,0.36,2.0,99820.0,2.5042725,-2.8812904
182,2021-01-08 14:00:00,269.706,0.46,66.0,99810.0,2.8970757,-3.8049717
183,2021-01-08 15:00:00,270.8026,0.5,83.0,99790.0,2.97501,-4.288988
184,2021-01-08 16:00:00,272.49536,0.42,118.0,99740.0,2.7372704,-3.281042
185,2021-01-08 17:00:00,274.41238,0.49,195.0,99650.0,3.4375753,-3.5088978
186,2021-01-08 18:00:00,274.695,0.59,203.0,99500.0,3.0479422,-5.233362
187,2021-01-08 19:00:00,274.22595,0.59,167.0,99510.0,3.672348,-4.8502407
188,2021-01-08 20:00:00,273.0417,0.5,77.0,99440.0,2.9024496,-4.353945
189,2021-01-08 21:00:00,271.34167,0.48,24.0,99450.0,2.8865967,-4.114502
190,2021-01-08 22:00:00,269.5788,0.39,-22.0,99420.0,2.3887596,-3.618618
191,2021-01-08 23:00:00,268.81104,0.23,-18.0,99450.0,2.2142868,-1.6277628
192,2021-01-09 00:00:00,268.29944,0.47,-33.0,99460.0,3.1301956,-4.0836105
193,2021-01-09 01:00:00,267.94495,0.54,-36.0,99430.0,2.8862944,-5.1115685
194,2021-01-09 02:00:00,267.15674,0.41,-31.0,99400.0,2.6790333,-3.6227188
195,2021-01-09 03:00:00,266.70734,0.48,-35.0,99340.0,2.7097282,-4.517729
196,2021-01-09 04:00:00,266.45322,0.51,-30.0,99310.0,2.9358873,-4.726635
197,2021-01-09 05:00:00,266.31464,0.46,-29.0,99260.0,2.6918135,-4.261898
198,2021-01-09 06:00:00,266.0852,0.6,-36.0,99220.0,3.1528702,-5.7125816
199,2021-01-09 07:00:00,265.88718,0.37,-25.0,99250.0,2.5463057,-3.247095
200,2021-01-09 08:00:00,265.57053,0.29,-20.0,99270.0,2.5378332,-2.1499386
201,2021-01-09 09:00:00,265.2301,0.35,-18.0,99240.0,2.4110441,-3.0051785
202,2021-01-09 10:00:00,265.26373,0.41,-31.0,99200.0,2.8840523,-3.5221176
203,2021-01-09 11:00:00,265.185,0.38,-24.0,99200.0,2.5435638,-3.3323612
204,2021-01-09 12:00:00,265.02863,0.39,-32.0,99240.0,2.0863724,-3.7250404
205,2021-01-09 13:00:00,265.85315,0.42,-9.0,99320.0,2.3382473,-3.9133816
206,2021-01-09 14:00:00,267.97607,0.5,30.0,99340.0,2.1829252,-4.742071
207,2021-01-09 15:00:00,270.2376,0.59,97.0,99320.0,2.5356026,-5.656189
208,2021-01-09 16:00:00,271.49136,0.6,133.0,99320.0,2.891739,-5.573948
209,2021-01-09 17:00:00,272.56384,0.61,136.0,99230.0,2.8944893,-5.612362
210,2021-01-09 18:00:00,275.13455,0.58,208.0,99170.0,3.2441835,-4.990795
211,2021-01-09 19:00:00,274.58063,0.56,149.0,99200.0,3.0910769,-4.854574
212,2021-01-09 20:00:00,273.08557,0.58,70.0,99250.0,3.101326,-5.2958927
213,2021-01-09 21:00:00,272.37885,0.54,16.0,99300.0,3.7493153,-4.367035
214,2021-01-09 22:00:00,271.47827,0.38,-32.0,99330.0,2.6018991,-3.2603683
215,2021-01-09 23:00:00,272.05182,0.34,-15.0,99360.0,2.359892,-2.9172716
216,2021-01-10 00:00:00,272.49994,0.4,-17.0,99380.0,2.313346,-3.6895294
217,2021-01-10 01:00:00,271.7532,0.44,-36.0,99460.0,2.7415886,-3.9471588
218,2021-01-10 02:00:00,270.69385,0.48,-46.0,99550.0,3.269455,-4.0799866
219,2021-01-10 03:00:00,270.23047,0.53,-40.0,99560.0,3.2027931,-4.7062817
220,2021-01-10 04:00:00,269.89056,0.45,-31.0,99620.0,2.8435993,-3.986044
221,2021-01-10 05:00:00,269.57803,0.44,-27.0,99680.0,2.9697056,-3.8029957
222,2021-01-10 06:00:00,269.42145,0.5,-24.0,99730.0,3.2249527,-4.389904
223,2021-01-10 07:00:00,268.8103,0.34,-20.0,99770.0,2.4760647,-2.912284
224,2021-01-10 08:00:00,268.38763,0.28,-33.0,99830.0,2.4371338,-2.3163748
225,2021-01-10 09:00:00,267.39795,0.13,-13.0,99910.0,2.391365,-1.2051134
226,2021-01-10 10:00:00,266.87576,0.26,-46.0,99950.0,2.431548,-2.306984
227,2021-01-10 11:00:00,266.87845,0.23,-43.0,99990.0,2.4836693,-1.7968893
228,2021-01-10 12:00:00,267.66293,0.1,-8.0,100090.0,1.8152218,-1.4394417
229,2021-01-10 13:00:00,268.2915,0.22,-17.0,100150.0,1.908123,-1.8206882
230,2021-01-10 14:00:00,270.34454,0.45,20.0,100270.0,2.6268253,-3.964858
231,2021-01-10 15:00:00,273.364,0.54,110.0,100340.0,2.6684532,-4.9059467
232,2021-01-10 16:00:00,275.1141,0.51,160.0,100400.0,3.0200672,-4.117552
233,2021-01-10 17:00:00,275.94482,0.49,165.0,100370.0,3.0859623,-3.8377218
234,2021-01-10 18:00:00,275.47177,0.48,133.0,100330.0,2.274866,-4.3006773
235,2021-01-10 19:00:00,275.81088,0.44,103.0,100320.0,2.574213,-3.6145592
236,2021-01-10 20:00:00,275.01373,0.41,32.0,100360.0,2.3139572,-3.5709972
237,2021-01-10 21:00:00,273.10852,0.3,-22.0,100380.0,1.9249249,-2.8774986
238,2021-01-10 22:00:00,272.51276,0.23,-17.0,100450.0,1.9938183,-1.8581696
239,2021-01-10 23:00:00,272.03668,0.29,7.0,100520.0,1.903615,-2.410963
240,2021-01-11 00:00:00,271.18738,0.33,30.0,100560.0,1.7159176,-2.9966545
241,2021-01-11 01:00:00,268.99265,0.33,-17.0,100610.0,1.6323891,-3.2606373
242,2021-01-11 02:00:00,267.98676,0.17,-10.0,100650.0,1.4816122,-1.5594654
243,2021-01-11 03:00:00,267.14435,0.04,0.0,100710.0,1.093071,-0.59591866
244,2021-01-11 04:00:00,266.59338,0.04,-2.0,100690.0,1.067585,-0.50764084
245,2021-01-11 05:00:00,266.0225,0.07,-6.0,100650.0,1.3565712,-1.180954
246,2021-01-11 06:00:00,265.78516,0.05,-3.0,100690.0,1.0360298,-1.1708603
247,2021-01-11 07:00:00,265.1786,0.04,-3.0,100720.0,0.743248,-1.1988468
248,2021-01-11 08:00:00,264.5334,0.06,-6.0,100700.0,0.98200226,-1.5681858
249,2021-01-11 09:00:00,264.17215,0.04,-4.0,100680.0,1.2644453,-0.43090057
250,2021-01-11 10:00:00,264.10632,0.05,-6.0,100670.0,1.0431337,-1.2906094
251,2021-01-11 11:00:00,264.09686,0.05,-5.0,100730.0,1.1297302,-1.1186008
252,2021-01-11 12:00:00,266.84277,0.09,-6.0,100720.0,1.1425619,-1.7364559
253,2021-01-11 13:00:00,268.2121,0.1,-1.0,100710.0,0.7321367,-0.9526119
254,2021-01-11 14:00:00,269.30225,0.14,11.0,100690.0,0.77350426,-1.161005
255,2021-01-11 15:00:00,270.9198,0.23,46.0,100700.0,1.3068295,-1.8378792
256,2021-01-11 16:00:00,272.67908,0.15,23.0,100720.0,1.1770096,-0.7904682
257,2021-01-11 17:00:00,276.03235,0.21,101.0,100630.0,1.4391747,-0.99613
258,2021-01-11 18:00:00,276.2812,0.26,118.0,100430.0,1.9291391,-1.4446621
259,2021-01-11 19:00:00,276.06598,0.21,69.0,100420.0,1.9244232,-0.04613304
260,2021-01-11 20:00:00,274.93707,0.14,30.0,100350.0,-0.024392128,1.2431498
261,2021-01-11 21:00:00,273.29968,0.04,-1.0,100340.0,0.9383764,0.4002638
262,2021-01-11 22:00:00,272.46936,0.01,0.0,100310.0,0.07951927,-0.29242516
263,2021-01-11 23:00:00,272.06287,0.01,-1.0,100300.0,0.07191944,-0.4318943
264,2021-01-12 00:00:00,271.14288,0.04,0.0,100290.0,-1.1404161,-0.6438093
265,2021-01-12 01:00:00,269.55112,0.06,-6.0,100280.0,-1.7390137,-0.50903225
266,2021-01-12 02:00:00,268.39996,0.12,-22.0,100230.0,-2.3584213,-0.82412434
267,2021-01-12 03:00:00,267.27533,0.06,-9.0,100220.0,-1.8887253,-0.72900295
268,2021-01-12 04:00:00,266.55124,0.16,-31.0,100180.0,-2.8885536,-2.0017023
269,2021-01-12 05:00:00,265.89267,0.15,-31.0,100130.0,-2.9829407,-1.70086
270,2021-01-12 06:00:00,265.7548,0.12,-25.0,100090.0,-2.3218956,-2.0109472
271,2021-01-12 07:00:00,265.35394,0.06,-11.0,100110.0,-1.6448555,-1.1857634
272,2021-01-12 08:00:00,264.89587,0.06,-11.0,100060.0,-1.590889,-1.2928667
273,2021-01-12 09:00:00,264.7055,0.08,-16.0,100020.0,-0.6312523,-2.3661098
274,2021-01-12 10:00:00,264.49475,0.11,-25.0,100010.0,-0.41405106,-2.9248219
275,2021-01-12 11:00:00,264.39728,0.08,-18.0,100010.0,0.98018074,-2.3935347
276,2021-01-12 12:00:00,264.22675,0.03,-7.0,100050.0,0.273695,-1.1307125
277,2021-01-12 13:00:00,265.21277,0.07,-14.0,100030.0,0.35605812,-2.3165512
278,2021-01-12 14:00:00,269.2431,0.08,-7.0,100130.0,-0.044701576,-1.9580832
279,2021-01-12 15:00:00,271.95117,0.02,0.0,100140.0,0.32032967,-0.6017637
280,2021-01-12 16:00:00,273.64386,0.07,0.0,100110.0,0.75909615,-1.3894768
281,2021-01-12 17:00:00,278.09946,0.31,93.0,100010.0,0.9659853,-2.8623552
282,2021-01-12 18:00:00,278.03146,0.29,75.0,99930.0,1.7104845,-2.1940851
283,2021-01-12 19:00:00,276.83337,0.28,32.0,99940.0,1.5986757,-2.3630362
284,2021-01-12 20:00:00,276.30017,0.26,12.0,99920.0,1.6023159,-2.2179823
285,2021-01-12 21:00:00,274.96442,0.17,-12.0,99890.0,1.2158146,-1.7563391
286,2021-01-12 22:00:00,273.99118,0.09,-8.0,99860.0,1.2719355,-1.7892437
287,2021-01-12 23:00:00,273.7741,0.07,-4.0,99904.266,0.6437044,-1.4714584
288,2021-01-13 00:00:00,272.661,0.05,-4.0,99920.0,0.46735096,-1.4995308
289,2021-01-13 01:00:00,272.5686,0.01,-1.0,99910.0,-0.225317,-0.40380287
290,2021-01-13 02:00:00,272.61884,0.02,-1.0,99920.0,0.22995281,-0.47955894
291,2021-01-13 03:00:00,272.59354,0.05,-4.0,99950.0,0.44885445,-1.5786924
292,2021-01-13 04:00:00,272.58685,0.02,-1.0,99930.0,0.70307636,-0.13735199
293,2021-01-13 05:00:00,272.86536,0.02,-1.0,99920.0,0.42949963,0.5262737
294,2021-01-13 06:00:00,272.58746,0.05,-2.0,99870.0,1.2232113,-0.5794859
295,2021-01-13 07:00:00,272.51804,0.03,-2.0,99880.0,0.48983955,-1.044343
296,2021-01-13 08:00:00,272.46686,0.02,-1.0,99870.0,0.5517254,-0.2375803
297,2021-01-13 09:00:00,272.22107,0.03,-1.0,99820.0,0.48865795,-0.72960377
298,2021-01-13 10:00:00,271.87402,0.07,0.0,99810.0,0.17447567,-1.441946
299,2021-01-13 11:00:00,271.02484,0.01,0.0,99840.0,-0.33945274,0.21055031
300,2021-01-13 12:00:00,269.76352,0.03,0.0,99830.0,-0.9057932,0.48135185
301,2021-01-13 13:00:00,270.39053,0.01,0.0,99840.0,-0.45495892,-0.05423546
302,2021-01-13 14:00:00,272.57678,0.15,19.0,99860.0,-1.4044456,-0.052822113
303,2021-01-13 15:00:00,274.36,0.15,62.0,99840.0,-1.0683966,0.625782
304,2021-01-13 16:00:00,276.25726,0.17,68.0,99780.0,-0.913434,1.0992012
305,2021-01-13 17:00:00,276.91174,0.21,68.0,99650.0,-0.117521286,1.8604488
306,2021-01-13 18:00:00,276.44147,0.29,63.0,99540.0,0.23523998,2.8703136
307,2021-01-13 19:00:00,275.88654,0.28,30.0,99490.0,0.99388504,2.6932926
308,2021-01-13 20:00:00,275.734,0.18,10.0,99460.0,0.2262001,1.8352108
309,2021-01-13 21:00:00,275.0667,0.06,-2.0,99420.0,-0.029706001,1.4525852
310,2021-01-13 22:00:00,274.78903,0.09,-4.0,99380.0,-1.0831709,1.4718647
311,2021-01-13 23:00:00,274.52045,0.06,-2.0,99350.0,-1.2953682,-0.030059814
312,2021-01-14 00:00:00,273.00885,0.03,0.0,99330.0,-1.1131363,-0.07611847
313,2021-01-14 01:00:00,272.61066,0.07,0.0,99360.0,-1.719593,-0.22680092
314,2021-01-14 02:00:00,272.71478,0.08,-6.0,99350.0,-1.8517866,-0.6837387
315,2021-01-14 03:00:00,272.8706,0.07,-5.0,99330.0,-1.5742025,-0.4428215
316,2021-01-14 04:00:00,273.0832,0.17,-16.0,99350.0,-2.044979,-0.8335571
317,2021-01-14 05:00:00,272.59827,0.1,-7.0,99270.0,-1.943532,-0.7994728
318,2021-01-14 06:00:00,272.7798,0.09,-6.0,99220.0,-1.907135,-0.7276306
319,2021-01-14 07:00:00,272.541,0.1,-7.0,99240.0,-1.9923172,-0.69981194
320,2021-01-14 08:00:00,272.763,0.18,-19.0,99200.0,-1.8892994,-1.463438
321,2021-01-14 09:00:00,272.62494,0.08,-5.0,99120.0,-1.5690699,-0.9598026
322,2021-01-14 10:00:00,272.7956,0.06,-4.0,99060.0,-1.3714657,-0.8949814
323,2021-01-14 11:00:00,272.76044,0.06,0.0,99100.0,-1.2184105,-1.2355385
324,2021-01-14 12:00:00,273.01843,0.1,-11.0,99170.0,-1.5079327,-1.4198742
325,2021-01-14 13:00:00,273.1495,0.03,-1.0,99190.0,-0.9991379,-0.025316238
326,2021-01-14 14:00:00,274.9507,0.04,7.0,99200.0,0.22986984,-0.07932854
327,2021-01-14 15:00:00,276.1923,0.09,19.0,99190.0,-0.68047905,-0.008968353
328,2021-01-14 16:00:00,278.87006,0.13,60.0,99160.0,-0.94429684,-0.016319275
329,2021-01-14 17:00:00,279.97226,0.09,64.0,99040.0,-0.43883038,0.41103554
330,2021-01-14 18:00:00,280.82007,0.13,79.0,99000.0,0.78411007,0.56879425
331,2021-01-14 19:00:00,279.4297,0.14,39.0,98980.0,0.735363,0.92043686
332,2021-01-14 20:00:00,278.5755,0.16,20.0,98980.0,1.3589602,-0.70228386
333,2021-01-14 21:00:00,277.3598,0.05,-1.0,99010.0,0.8884201,-0.5891743
334,2021-01-14 22:00:00,276.3026,0.04,-2.0,99010.0,0.2559147,-1.2330132
335,2021-01-14 23:00:00,275.62018,0.14,-7.0,99070.0,0.742713,-1.5549946
336,2021-01-15 00:00:00,273.4532,0.03,-3.0,99140.0,0.47444344,-0.9099827
337,2021-01-15 01:00:00,274.18683,0.04,-3.0,99170.0,0.089696884,-1.3773556
338,2021-01-15 02:00:00,273.69775,0.06,-5.0,99180.0,0.7950449,-1.514061
339,2021-01-15 03:00:00,273.65875,0.05,-3.0,99300.0,1.2999134,-0.769413
340,2021-01-15 04:00:00,274.3446,0.02,-1.0,99320.0,-0.13495922,0.77152634
341,2021-01-15 05:00:00,274.4953,0.03,-1.0,99390.0,0.2949581,-1.002182
342,2021-01-15 06:00:00,272.872,0.04,-3.0,99380.0,1.2887306,-0.20524979
343,2021-01-15 07:00:00,272.79852,0.03,-2.0,99420.0,0.58245087,-0.71061516
344,2021-01-15 08:00:00,272.38092,0.03,-2.0,99500.0,0.7519989,-0.48087883
345,2021-01-15 09:00:00,272.11255,0.01,-1.0,99520.0,0.38066864,-0.30056
346,2021-01-15 10:00:00,271.78146,0.03,-2.0,99530.0,-0.08959961,0.8471317
347,2021-01-15 11:00:00,272.4688,0.04,-1.0,99610.0,-0.3214054,1.026022
348,2021-01-15 12:00:00,272.5465,0.04,-2.0,99630.0,-0.8485203,0.8844204
349,2021-01-15 13:00:00,272.4254,0.18,-12.0,99660.0,-0.4285717,2.1299305
350,2021-01-15 14:00:00,274.45544,0.23,18.0,99750.0,-2.1465511,1.039772
351,2021-01-15 15:00:00,275.0797,0.33,60.0,99810.0,-3.2952309,0.21047401
352,2021-01-15 16:00:00,275.94293,0.33,80.0,99820.0,-3.2098522,-0.12441826
353,2021-01-15 17:00:00,276.1042,0.28,46.0,99730.0,-2.7329159,0.13378525
354,2021-01-15 18:00:00,276.6922,0.31,46.0,99630.0,-3.1378555,-0.029405594
355,2021-01-15 19:00:00,277.5273,0.36,50.0,99530.0,-3.5860806,0.12204552
356,2021-01-15 20:00:00,276.45074,0.39,7.0,99510.0,-4.0695763,0.13497353
357,2021-01-15 21:00:00,276.1374,0.46,-29.0,99490.0,-4.9839983,0.20796394
358,2021-01-15 22:00:00,276.39215,0.39,-37.0,99510.0,-4.3004684,0.65670586
359,2021-01-15 23:00:00,276.5653,0.36,-31.0,99600.0,-3.9341154,0.55190086
360,2021-01-16 00:00:00,276.72668,0.49,-44.0,99520.0,-5.239833,0.7508583
361,2021-01-16 01:00:00,276.59845,0.52,-50.0,99500.0,-5.6139183,0.9901581
362,2021-01-16 02:00:00,276.52332,0.47,-46.0,99400.0,-5.1290445,0.68247986
363,2021-01-16 03:00:00,276.38776,0.52,-53.0,99240.0,-5.6859856,-0.105306625
364,2021-01-16 04:00:00,275.97278,0.51,-52.0,99160.0,-5.6180534,-0.38265038
365,2021-01-16 05:00:00,274.9248,0.47,-11.0,99120.0,-4.9954624,0.6213255
366,2021-01-16 06:00:00,274.80243,0.51,-16.0,98930.0,-5.3625355,-1.1011705
367,2021-01-16 07:00:00,274.72382,0.42,-8.0,98960.0,-4.4587517,-0.14403343
368,2021-01-16 08:00:00,274.68225,0.29,-9.0,98830.0,-3.1298847,-0.17228603
369,2021-01-16 09:00:00,274.80804,0.32,-13.0,98680.0,-3.507019,-0.090070724
370,2021-01-16 10:00:00,275.4527,0.22,-6.0,98460.0,-2.345028,-0.83704567
371,2021-01-16 11:00:00,275.7977,0.46,-28.0,98260.0,-4.4620304,-2.261341
372,2021-01-16 12:00:00,276.34058,0.21,-8.0,97980.0,-0.21755409,2.4478397
373,2021-01-16 13:00:00,276.5747,0.08,-3.0,97650.0,-1.601347,0.6569195
374,2021-01-16 14:00:00,276.8782,0.32,-17.0,97830.0,2.3834724,2.583868
375,2021-01-16 15:00:00,276.6053,0.01,0.0,97820.0,-0.11816025,-0.2608776
376,2021-01-16 16:00:00,276.46472,0.17,-6.0,97690.0,2.0003433,-0.022691727
377,2021-01-16 17:00:00,279.30304,0.21,65.0,97560.0,1.8677998,-0.1312809
378,2021-01-16 18:00:00,278.48672,0.21,26.0,97480.0,1.9331951,0.76213646
379,2021-01-16 19:00:00,278.51343,0.24,17.0,97460.0,2.214363,0.8426523
380,2021-01-16 20:00:00,277.6194,0.1,-6.0,97380.0,1.6172085,1.3643131
381,2021-01-16 21:00:00,277.5421,0.33,-36.0,97440.0,2.2839737,2.9753952
382,2021-01-16 22:00:00,276.66107,0.46,-62.0,97480.0,5.02174,-0.76059437
383,2021-01-16 23:00:00,276.40588,0.3,-31.0,97540.0,3.4130993,0.032707214
384,2021-01-17 00:00:00,275.51953,0.41,-48.0,97590.0,4.5122185,-0.42897034
385,2021-01-17 01:00:00,274.79254,0.28,-25.0,97570.0,3.1855412,-0.79019165
386,2021-01-17 02:00:00,274.2392,0.24,-30.0,97610.0,2.9273357,0.4695835
387,2021-01-17 03:00:00,273.3974,0.3,-48.0,97580.0,3.4921532,0.95277596
388,2021-01-17 04:00:00,273.19528,0.42,-66.0,97560.0,4.584839,1.1078949
389,2021-01-17 05:00:00,273.5025,0.44,-62.0,97580.0,4.821644,1.0158958
390,2021-01-17 06:00:00,273.6488,0.47,-62.0,97650.0,4.7789383,1.8740692
391,2021-01-17 07:00:00,273.30325,0.43,-71.0,97740.0,4.621931,1.6428242
392,2021-01-17 08:00:00,273.2666,0.43,-67.0,97760.0,4.4325333,1.875246
393,2021-01-17 09:00:00,273.20895,0.47,-70.0,97800.0,4.8475895,1.9011745
394,2021-01-17 10:00:00,273.15332,0.51,-74.0,97850.0,5.3494434,1.7129116
395,2021-01-17 11:00:00,273.1529,0.45,-70.0,97880.0,4.5828514,2.1361008
396,2021-01-17 12:00:00,273.1565,0.53,-76.0,97970.0,5.201351,2.5386086
397,2021-01-17 13:00:00,273.28894,0.51,-67.0,98020.0,4.9377575,2.6787891
398,2021-01-17 14:00:00,274.77863,0.49,-13.0,98050.0,4.674347,2.3835907
399,2021-01-17 15:00:00,276.6675,0.59,29.0,98120.0,5.9166584,1.7677574
400,2021-01-17 16:00:00,277.9742,0.63,69.0,98180.0,6.14295,2.5775127
401,2021-01-17 17:00:00,278.66507,0.67,86.0,98140.0,6.740838,2.0938187
402,2021-01-17 18:00:00,278.69345,0.65,67.0,98130.0,6.6089487,1.63731
403,2021-01-17 19:00:00,277.7099,0.55,10.0,98230.0,5.8135195,0.7991085
404,2021-01-17 20:00:00,277.27936,0.5,-8.0,98370.0,5.3565693,0.52599144
405,2021-01-17 21:00:00,276.6004,0.42,-52.0,98280.0,4.6496267,0.19940186
406,2021-01-17 22:00:00,274.91962,0.12,-22.0,98370.0,2.5576916,0.028006554
407,2021-01-17 23:00:00,274.35687,0.07,-10.0,98430.0,2.0804987,0.7157545
408,2021-01-18 00:00:00,274.3253,0.06,-9.0,98460.0,1.7544861,0.9750328
409,2021-01-18 01:00:00,274.18988,0.04,-5.0,98550.0,0.69844246,1.1708641
410,2021-01-18 02:00:00,274.11627,0.05,-7.0,98560.0,1.4861145,0.86883736
411,2021-01-18 03:00:00,273.7237,0.05,-7.0,98540.0,1.1231108,1.3855228
412,2021-01-18 04:00:00,273.6314,0.06,-7.0,98540.0,0.78647137,1.6508522
413,2021-01-18 05:00:00,273.74976,0.08,-11.0,98500.0,1.4705553,1.6622505
414,2021-01-18 06:00:00,273.79437,0.05,-5.0,98500.0,1.4237556,0.5476227
415,2021-01-18 07:00:00,274.54684,0.09,-7.0,98490.0,1.4490185,1.456707
416,2021-01-18 08:00:00,273.6021,0.11,-12.0,98500.0,1.7987347,1.7745743
417,2021-01-18 09:00:00,273.27728,0.09,-10.0,98500.0,1.9876385,1.082941
418,2021-01-18 10:00:00,273.25113,0.05,-4.0,98520.0,1.4321041,0.33678436
419,2021-01-18 11:00:00,272.96304,0.02,-2.0,98530.0,0.75572586,-0.3276825
420,2021-01-18 12:00:00,272.87756,0.03,-2.0,98530.0,0.829113,0.2953148
421,2021-01-18 13:00:00,273.09412,0.01,0.0,98510.0,-0.10669327,0.29561424
422,2021-01-18 14:00:00,275.38998,0.26,7.0,98600.0,2.35466,1.2902985
423,2021-01-18 15:00:00,277.19916,0.4,33.0,98640.0,3.5294323,2.0976868
424,2021-01-18 16:00:00,278.8554,0.46,70.0,98620.0,4.553795,1.2878895
425,2021-01-18 17:00:00,279.70367,0.46,88.0,98580.0,4.614891,0.58914375
426,2021-01-18 18:00:00,278.5103,0.45,23.0,98520.0,4.619217,0.8662224
427,2021-01-18 19:00:00,278.7917,0.47,33.0,98490.0,4.849882,0.7403183
428,2021-01-18 20:00:00,278.16425,0.47,0.0,98550.0,4.7314634,1.4165401
429,2021-01-18 21:00:00,276.58978,0.51,-35.0,98670.0,5.5042925,0.420393
430,2021-01-18 22:00:00,275.09833,0.43,-53.0,98800.0,4.5898056,-1.4228716
431,2021-01-18 23:00:00,274.11658,0.41,-75.0,98940.0,4.345439,-1.6992912
432,2021-01-19 00:00:00,273.30978,0.45,-82.0,99030.0,4.4228354,-2.5081825
433,2021-01-19 01:00:00,273.02252,0.55,-77.0,99120.0,5.5236416,-2.3575459
434,2021-01-19 02:00:00,272.82806,0.37,-45.0,99160.0,4.062584,-0.96507454
435,2021-01-19 03:00:00,272.74695,0.18,-15.0,99250.0,1.8836975,-1.3100243
436,2021-01-19 04:00:00,272.43073,0.27,-10.0,99300.0,2.558796,-1.6134663
437,2021-01-19 05:00:00,271.91965,0.19,-9.0,99350.0,2.0610867,-0.8104305
438,2021-01-19 06:00:00,271.78644,0.06,-2.0,99420.0,1.2714577,-0.57837105
439,2021-01-19 07:00:00,270.1689,0.03,-2.0,99460.0,0.07478714,-1.1497631
440,2021-01-19 08:00:00,268.98352,0.02,0.0,99470.0,0.11514664,-0.6712513
441,2021-01-19 09:00:00,268.73505,0.04,-3.0,99480.0,-0.7197304,-0.9601116
442,2021-01-19 10:00:00,268.01352,0.08,-10.0,99520.0,-1.9264355,-1.2411537
443,2021-01-19 11:00:00,267.14926,0.06,-7.0,99620.0,-1.053194,-1.4866924
444,2021-01-19 12:00:00,267.65204,0.02,-3.0,99650.0,-0.3284588,-0.63864326
445,2021-01-19 13:00:00,269.09106,0.04,-4.0,99690.0,-0.84165,-0.9631653
446,2021-01-19 14:00:00,271.92682,0.2,1.0,99720.0,-2.0175972,-0.872879
447,2021-01-19 15:00:00,275.28064,0.23,19.0,99750.0,2.0524616,0.9618931
448,2021-01-19 16:00:00,277.6974,0.31,77.0,99740.0,2.9964714,0.4531746
449,2021-01-19 17:00:00,278.29492,0.35,82.0,99660.0,3.3222942,0.73960686
450,2021-01-19 18:00:00,275.7115,0.39,-10.0,99590.0,3.9900627,1.0857182
451,2021-01-19 19:00:00,275.79413,0.44,-9.0,99600.0,4.55521,1.1991138
452,2021-01-19 20:00:00,276.01483,0.46,0.0,99630.0,4.7601852,1.2433128
453,2021-01-19 21:00:00,274.7594,0.36,-37.0,99650.0,3.8915405,0.82796097
454,2021-01-19 22:00:00,273.11142,0.22099194,-40.0,99730.0,2.8350353,0.8932781
455,2021-01-19 23:00:00,273.02563,0.03,-2.0,99780.0,1.164875,0.26271915
456,2021-01-20 00:00:00,272.95096,0.04,0.0,99810.0,0.1451931,1.3379974
457,2021-01-20 01:00:00,272.77325,0.05,-3.0,99810.0,1.3917255,0.49255753
458,2021-01-20 02:00:00,272.4432,0.09,-7.0,99770.0,1.8674793,0.9204941
459,2021-01-20 03:00:00,272.0036,0.02,-1.0,99720.0,0.1933651,0.6712303
460,2021-01-20 04:00:00,270.8783,0.03,-3.0,99670.0,0.23708725,1.055376
461,2021-01-20 05:00:00,269.6645,0.06,-8.0,99620.0,1.4882927,1.2683754
462,2021-01-20 06:00:00,269.57715,0.02,0.0,99600.0,0.16187477,0.71178246
463,2021-01-20 07:00:00,269.91187,0.03,-4.0,99510.0,-0.6406059,0.7921772
464,2021-01-20 08:00:00,269.844,0.02,-2.0,99410.0,-0.33854675,-0.42867088
465,2021-01-20 09:00:00,269.62842,0.01,0.0,99270.0,-0.4276905,0.024593353
466,2021-01-20 10:00:00,269.9142,0.02,0.0,99240.0,0.5854454,-0.4465084
467,2021-01-20 11:00:00,270.0443,0.05,-10.0,99170.0,-1.6384258,-0.27765083
468,2021-01-20 12:00:00,270.83856,0.03,0.0,99180.0,-0.7483597,-0.89614487
469,2021-01-20 13:00:00,271.482,0.05,-2.0,99200.0,-1.217207,0.54922485
470,2021-01-20 14:00:00,273.4167,0.2,20.0,99210.0,1.9569187,-0.57086563
471,2021-01-20 15:00:00,275.2868,0.39,60.0,99180.0,3.2254047,-2.298336
472,2021-01-20 16:00:00,276.34448,0.42,90.0,99210.0,3.6301498,-2.3735924
473,2021-01-20 17:00:00,276.73993,0.5,88.0,99170.0,4.1616325,-3.1574879
474,2021-01-20 18:00:00,275.65863,0.61,45.0,99150.0,5.805523,-2.844099
475,2021-01-20 19:00:00,273.8564,0.53,0.0,99240.0,4.266037,-3.604725
476,2021-01-20 20:00:00,273.41376,0.56,5.0,99380.0,5.281521,-2.5995998
477,2021-01-20 21:00:00,272.7104,0.59,-15.0,99510.0,4.956644,-3.9177914
478,2021-01-20 22:00:00,271.7416,0.66,30.0,99610.0,5.7682133,-3.8686333
479,2021-01-20 23:00:00,270.90552,0.59,40.0,99670.0,5.783287,-2.4650078
480,2021-01-21 00:00:00,268.99094,0.42,-7.0,99710.0,3.8356724,-2.3602924
481,2021-01-21 01:00:00,268.1105,0.33,-15.0,99720.0,3.002554,-2.0383606
482,2021-01-21 02:00:00,267.43243,0.13,-6.0,99750.0,0.55117035,-1.6050262
483,2021-01-21 03:00:00,266.48383,0.04,-1.0,99710.0,1.0597954,0.15149498
484,2021-01-21 04:00:00,265.62286,0.03,-1.0,99720.0,0.92719746,0.019901276
485,2021-01-21 05:00:00,265.01764,0.03,-2.0,99750.0,0.90161896,0.6817188
486,2021-01-21 06:00:00,264.8308,0.03,-2.0,99730.0,0.9386158,-0.33483696
487,2021-01-21 07:00:00,264.46878,0.06,-5.0,99590.0,0.31906223,-1.7155571
488,2021-01-21 08:00:00,264.38028,0.03,-3.0,99490.0,-0.43890667,-1.0950966
489,2021-01-21 09:00:00,264.094,0.03,-3.0,99440.0,-0.9609823,0.53704643
490,2021-01-21 10:00:00,263.86426,0.07,-7.0,99280.0,-1.8733568,-0.41013622
491,2021-01-21 11:00:00,263.52997,0.05,-4.0,99260.0,-1.5168705,-0.6670532
492,2021-01-21 12:00:00,263.1878,0.08,-7.0,99150.0,-1.9236984,-0.8423748
493,2021-01-21 13:00:00,264.6728,0.18,-13.0,99070.0,-2.208272,-0.33614635
494,2021-01-21 14:00:00,267.5573,0.24,12.0,99030.0,-1.8203754,1.6374111
495,2021-01-21 15:00:00,268.99506,0.22,-7.0,98970.0,-0.4004364,2.4482117
496,2021-01-21 16:00:00,270.32632,0.24,-2.0,98920.0,0.38631725,2.5064945
497,2021-01-21 17:00:00,272.9129,0.33,52.0,98690.0,-0.0383749,3.2973366
498,2021-01-21 18:00:00,273.09308,0.3,2.0,98570.0,0.6257343,3.0959606
499,2021-01-21 19:00:00,274.73236,0.26,12.0,98450.0,0.71172714,2.5639248
500,2021-01-21 20:00:00,276.2266,0.25,21.0,98390.0,1.752737,1.8510818
501,2021-01-21 21:00:00,275.07477,0.07,-3.0,98370.0,1.4968891,0.57061005
502,2021-01-21 22:00:00,273.08624,0.02,-2.0,98420.0,-0.7100735,-0.20406914
503,2021-01-21 23:00:00,272.7085,0.03,0.0,98451.03,-1.1018114,-0.26122093
504,2021-01-22 00:00:00,272.312,0.04,0.0,98450.0,-1.228158,-0.6827526
505,2021-01-22 01:00:00,271.51727,0.04,-4.0,98410.0,-1.2439289,-0.6768875
506,2021-01-22 02:00:00,270.75113,0.06,-10.0,98340.0,-1.4590483,-1.2188721
507,2021-01-22 03:00:00,270.22217,0.03,-4.0,98350.0,-1.1264668,0.030410767
508,2021-01-22 04:00:00,270.27533,0.1,-15.0,98320.0,-2.4399757,-0.9245682
509,2021-01-22 05:00:00,271.57822,0.09,-9.0,98240.0,-2.066657,-0.7076969
510,2021-01-22 06:00:00,271.25717,0.09,-10.0,98210.0,-2.0640144,-1.0633812
511,2021-01-22 07:00:00,271.65576,0.07,-6.0,98250.0,-1.5494671,-1.0028915
512,2021-01-22 08:00:00,272.06006,0.04,0.0,98250.0,-1.2192411,-0.6800308
513,2021-01-22 09:00:00,271.1455,0.03,-3.0,98270.0,0.049378395,-1.1814423
514,2021-01-22 10:00:00,270.22766,0.06,-7.0,98270.0,-0.85815144,-1.6126919
515,2021-01-22 11:00:00,269.6767,0.07,-10.0,98300.0,-2.0258217,-0.7740898
516,2021-01-22 12:00:00,269.5512,0.06,-8.0,98360.0,-1.6889906,-0.81879616
517,2021-01-22 13:00:00,270.22424,0.05,-6.0,98400.0,-0.91947174,-1.2935524
518,2021-01-22 14:00:00,274.46423,0.15,0.0,98480.0,1.6975384,0.40102768
519,2021-01-22 15:00:00,277.21887,0.31,40.0,98540.0,3.0509949,0.74038506
520,2021-01-22 16:00:00,279.17963,0.42,77.0,98550.0,4.234681,1.014677
521,2021-01-22 17:00:00,279.45148,0.52,76.0,98530.0,5.309952,0.09223175
522,2021-01-22 18:00:00,278.41873,0.49,44.0,98490.0,5.0882215,-0.12353325
523,2021-01-22 19:00:00,278.3549,0.54,50.0,98550.0,5.583132,0.29252243
524,2021-01-22 20:00:00,277.5984,0.4613264,16.0,98620.0,4.866678,-0.09605312
525,2021-01-22 21:00:00,276.36398,0.42,-44.0,98670.0,4.565237,0.7882881
526,2021-01-22 22:00:00,274.67575,0.35,-74.0,98720.0,4.170003,0.60246086
527,2021-01-22 23:00:00,274.09717,0.28,-54.0,98850.0,3.4627047,-0.34816456
528,2021-01-23 00:00:00,273.33295,0.29,-40.0,98940.0,3.0644464,-1.6025562
529,2021-01-23 01:00:00,272.9643,0.19,-25.0,99010.0,2.3691273,-0.95095825
530,2021-01-23 02:00:00,272.79254,0.3,-39.0,99110.0,3.1299524,-1.5784588
531,2021-01-23 03:00:00,272.80457,0.37,-48.0,99120.0,4.007311,-1.3407097
532,2021-01-23 04:00:00,272.68817,0.34,-29.0,99190.0,3.6438236,-1.0306797
533,2021-01-23 05:00:00,272.4956,0.44,-15.0,99190.0,4.644396,-1.0941563
534,2021-01-23 06:00:00,272.28314,0.42,0.0,99220.0,4.326167,-1.1398182
535,2021-01-23 07:00:00,272.07294,0.44,21.0,99280.0,4.4281216,-1.3137589
536,2021-01-23 08:00:00,271.94327,0.46,45.0,99350.0,4.7864523,-0.7377014
537,2021-01-23 09:00:00,271.77295,0.47,61.0,99350.0,4.786031,-0.6763058
538,2021-01-23 10:00:00,271.31955,0.55,75.0,99360.0,5.6375704,-1.1759033
539,2021-01-23 11:00:00,270.67303,0.47,60.0,99400.0,4.7372646,-1.358717
540,2021-01-23 12:00:00,267.98352,0.34,-17.0,99470.0,3.6762657,0.7677078
541,2021-01-23 13:00:00,268.83624,0.48,37.0,99530.0,4.9687023,-0.25473976
542,2021-01-23 14:00:00,269.75006,0.56,42.0,99560.0,5.6384916,-1.6632824
543,2021-01-23 15:00:00,271.62506,0.43,94.0,99610.0,3.4801893,-2.6778355
544,2021-01-23 16:00:00,272.37646,0.71,182.0,99690.0,5.047926,-5.377986
545,2021-01-23 17:00:00,273.92044,0.65,238.0,99670.0,5.2698307,-4.106621
546,2021-01-23 18:00:00,274.28635,0.68,228.0,99620.0,6.597946,-2.3483057
547,2021-01-23 19:00:00,273.71008,0.7,207.0,99650.0,5.881138,-4.190037
548,2021-01-23 20:00:00,272.52222,0.72,139.0,99680.0,6.46486,-3.8269138
549,2021-01-23 21:00:00,270.6855,0.67,59.0,99750.0,6.138563,-3.6415806
550,2021-01-23 22:00:00,268.45465,0.52,-15.0,99820.0,4.9090633,-2.7138853
551,2021-01-23 23:00:00,267.7892,0.38,-19.0,99910.0,3.425292,-2.2435942
552,2021-01-24 00:00:00,267.32108,0.54,-16.0,100020.0,5.1125336,-2.6854477
553,2021-01-24 01:00:00,266.67834,0.53,-5.0,100050.0,4.8404512,-3.004611
554,2021-01-24 02:00:00,265.9749,0.42,-10.0,100080.0,3.4497375,-2.975319
555,2021-01-24 03:00:00,265.38812,0.35,-27.0,100090.0,2.3110294,-3.1392326
556,2021-01-24 04:00:00,265.11813,0.47,-34.0,100130.0,3.099842,-4.086834
557,2021-01-24 05:00:00,264.87866,0.46,-36.0,100080.0,3.1087704,-3.902811
558,2021-01-24 06:00:00,264.67102,0.47,-33.0,100080.0,3.4009228,-3.8611279
559,2021-01-24 07:00:00,264.4843,0.45,-31.0,100070.0,3.1433897,-3.727682
560,2021-01-24 08:00:00,264.32404,0.21,-19.0,100110.0,1.7373056,-1.8705711
561,2021-01-24 09:00:00,264.00177,0.02,-1.0,100120.0,-0.16072273,-0.52241135
562,2021-01-24 10:00:00,263.5771,0.34,-45.0,100120.0,2.2787561,-3.1536846
563,2021-01-24 11:00:00,263.665,0.47,-37.0,100070.0,3.4679327,-3.770708
564,2021-01-24 12:00:00,263.6998,0.4,-34.0,100130.0,3.2748718,-3.013956
565,2021-01-24 13:00:00,264.87317,0.5,7.0,100150.0,3.9770298,-3.56394
566,2021-01-24 14:00:00,267.19812,0.63,109.0,100150.0,5.1059732,-4.2439785
567,2021-01-24 15:00:00,269.22562,0.65,178.0,100110.0,5.466694,-3.9559402
568,2021-01-24 16:00:00,271.0339,0.71,239.0,100100.0,5.676627,-4.7852516
569,2021-01-24 17:00:00,272.09924,0.64,221.0,100040.0,5.461028,-3.5975266
570,2021-01-24 18:00:00,274.37085,0.65,281.0,99930.0,5.0618544,-4.33165
571,2021-01-24 19:00:00,274.12274,0.66,234.0,99890.0,5.058195,-4.60507
572,2021-01-24 20:00:00,272.83862,0.59,128.0,99910.0,4.22771,-4.473238
573,2021-01-24 21:00:00,271.03174,0.53,41.0,99940.0,3.8168173,-4.000387
574,2021-01-24 22:00:00,268.9513,0.44,-23.0,99960.0,3.263709,-3.4338646
575,2021-01-24 23:00:00,267.76324,0.33,-19.0,100000.0,2.5946522,-2.5653877
576,2021-01-25 00:00:00,266.8534,0.33,-23.0,100030.0,2.3683758,-2.8226051
577,2021-01-25 01:00:00,266.32013,0.32,-27.0,100020.0,2.2573137,-2.78331
578,2021-01-25 02:00:00,265.95923,0.35,-39.0,100010.0,2.999631,-2.660347
579,2021-01-25 03:00:00,265.5196,0.24,-29.0,100020.0,2.5124779,-1.5690193
580,2021-01-25 04:00:00,264.8706,0.06,-5.0,100070.0,1.6276436,-0.53092575
581,2021-01-25 05:00:00,265.0434,0.31,-34.0,100050.0,2.009612,-2.9381638
582,2021-01-25 06:00:00,264.9367,0.28,-31.0,100010.0,2.1138763,-2.513214
583,2021-01-25 07:00:00,264.46414,0.25,-22.0,100030.0,1.5726786,-2.440382
584,2021-01-25 08:00:00,264.06702,0.19,-17.0,100040.0,1.6508789,-1.7445126
585,2021-01-25 09:00:00,263.5343,0.22,-20.0,100010.0,1.9508133,-1.913393
586,2021-01-25 10:00:00,263.46927,0.29,-38.0,100020.0,2.134489,-2.694807
587,2021-01-25 11:00:00,263.05695,0.12,-10.0,100030.0,1.7757893,-1.7860718
588,2021-01-25 12:00:00,262.35406,0.04,-4.0,100120.0,1.2132931,-0.76411057
589,2021-01-25 13:00:00,263.2097,0.08,-4.0,100140.0,1.4502192,-1.0783863
590,2021-01-25 14:00:00,266.68076,0.4,57.0,100090.0,2.0144835,-3.620098
591,2021-01-25 15:00:00,269.8501,0.36,93.0,100180.0,2.4689665,-2.6629982
592,2021-01-25 16:00:00,271.93414,0.41,119.0,100050.0,2.5960388,-3.180519
593,2021-01-25 17:00:00,273.05768,0.42,114.0,99950.0,2.7392912,-3.2532635
594,2021-01-25 18:00:00,276.32098,0.49,226.0,99930.0,3.2361498,-3.604372
595,2021-01-25 19:00:00,274.9177,0.43,119.0,99900.0,2.799735,-3.319933
596,2021-01-25 20:00:00,273.2335,0.38,29.0,99950.0,2.8715887,-2.705906
597,2021-01-25 21:00:00,272.35782,0.31,1.0,99930.0,2.1162014,-2.462801
598,2021-01-25 22:00:00,270.81598,0.09,-6.0,99910.0,1.5691023,-1.1983624
599,2021-01-25 23:00:00,269.22125,0.09,-8.0,99940.0,1.6957169,-1.2953224
600,2021-01-26 00:00:00,268.17447,0.08,-10.0,100040.0,1.2528629,-1.6652336
601,2021-01-26 01:00:00,267.04938,0.06,-7.0,99900.0,-0.072571754,-1.8565083
602,2021-01-26 02:00:00,266.80338,0.08,-12.0,99990.0,0.9279566,-2.132595
603,2021-01-26 03:00:00,266.56262,0.12,-21.0,100060.0,2.027752,-2.1366577
604,2021-01-26 04:00:00,267.39642,0.04,-4.0,100020.0,1.3413048,-0.44804955
605,2021-01-26 05:00:00,267.67264,0.05,-5.0,99990.0,1.2516155,-1.0189819
606,2021-01-26 06:00:00,267.53754,0.04,-4.0,99970.0,1.2782192,-0.46077538
607,2021-01-26 07:00:00,267.55408,0.03,-3.0,99940.0,0.77542305,-0.5262871
608,2021-01-26 08:00:00,266.63684,0.09,-14.0,99920.0,1.3694286,-2.116808
609,2021-01-26 09:00:00,266.6089,0.11,-13.0,99850.0,0.53735447,-2.5063534
610,2021-01-26 10:00:00,266.73608,0.07,-10.0,99800.0,0.52525616,-2.1270828
611,2021-01-26 11:00:00,266.10004,0.05,-8.0,99710.0,0.73843,-1.6067734
612,2021-01-26 12:00:00,265.87292,0.03,-5.0,99740.0,0.7352648,-0.5641289
613,2021-01-26 13:00:00,266.66245,0.03,-4.0,99780.0,0.16685295,1.1327858
614,2021-01-26 14:00:00,270.5222,0.15,5.0,99760.0,-1.1756907,1.1073742
615,2021-01-26 15:00:00,272.1231,0.23,33.0,99820.0,-2.243742,-0.13481522
616,2021-01-26 16:00:00,272.71234,0.22,32.0,99830.0,-1.8969784,0.9487934
617,2021-01-26 17:00:00,272.0253,0.28,20.0,99690.0,-2.8131657,0.59290314
618,2021-01-26 18:00:00,271.26428,0.27,40.0,99610.0,-2.6224852,0.4987316
619,2021-01-26 19:00:00,270.11377,0.32,11.0,99470.0,-3.3125782,0.59013844
620,2021-01-26 20:00:00,270.43262,0.25,13.0,99440.0,-2.5091362,0.48290443
621,2021-01-26 21:00:00,270.00653,0.23,-2.0,99380.0,-2.5553102,-0.13264275
622,2021-01-26 22:00:00,269.4979,0.14,-8.0,99400.0,-1.6755743,-0.87443256
623,2021-01-26 23:00:00,269.50232,0.03,-1.0,99410.0,-0.90732765,0.23182774
624,2021-01-27 00:00:00,269.45813,0.03,-1.0,99330.0,-0.12248421,0.9719944
625,2021-01-27 01:00:00,269.60263,0.02,-1.0,99350.0,-0.44846344,0.30336094
626,2021-01-27 02:00:00,270.03503,0.06,-1.0,99260.0,-1.1539478,0.6158533
627,2021-01-27 03:00:00,270.201,0.17,-10.0,99200.0,-1.6345501,1.271328
628,2021-01-27 04:00:00,270.44244,0.22,-10.0,99200.0,-2.1117287,1.4977608
629,2021-01-27 05:00:00,270.62915,0.15,-6.0,99220.0,-0.7344036,1.6682873
630,2021-01-27 06:00:00,270.4591,0.06,0.0,99180.0,0.99874306,0.98071
631,2021-01-27 07:00:00,270.5758,0.05,-1.0,99190.0,0.6381855,1.0432549
632,2021-01-27 08:00:00,270.52908,0.03,-1.0,99250.0,0.9382467,0.43965435
633,2021-01-27 09:00:00,270.45807,0.04,0.0,99290.0,0.24599075,1.0541401
634,2021-01-27 10:00:00,270.47607,0.04,-1.0,99330.0,0.905076,0.65136147
635,2021-01-27 11:00:00,270.8448,0.03,0.0,99330.0,-0.015886307,-0.92746544
636,2021-01-27 12:00:00,269.0161,0.02,-2.0,99400.0,0.6662092,0.013688087
637,2021-01-27 13:00:00,271.24396,0.16,1.0,99490.0,0.6704292,-1.5995102
638,2021-01-27 14:00:00,272.98547,0.17,20.0,99570.0,0.8949604,-1.3284588
639,2021-01-27 15:00:00,272.9322,0.34,16.0,99670.0,2.6434278,-2.3456974
640,2021-01-27 16:00:00,274.153,0.46,75.0,99770.0,2.9896126,-3.711872
641,2021-01-27 17:00:00,274.46387,0.49,78.0,99770.0,2.9323254,-4.2107887
642,2021-01-27 18:00:00,274.22583,0.53,73.0,99720.0,3.3894148,-4.364649
643,2021-01-27 19:00:00,274.54132,0.5,81.0,99740.0,3.0677967,-4.143091
644,2021-01-27 20:00:00,273.86777,0.52,52.0,99780.0,3.283884,-4.307454
645,2021-01-27 21:00:00,272.11188,0.43,-6.0,99820.0,2.2693233,-4.0363255
646,2021-01-27 22:00:00,271.57352,0.38,-18.0,99860.0,2.0126476,-3.581852
647,2021-01-27 23:00:00,271.39944,0.32,-4.0,99950.0,2.2352142,-2.705203
648,2021-01-28 00:00:00,270.58163,0.33,-20.0,99970.0,1.9956083,-2.9642677
649,2021-01-28 01:00:00,270.146,0.3,-20.0,100020.0,2.0290966,-2.7502031
650,2021-01-28 02:00:00,270.1998,0.33,-26.0,99980.0,1.6203899,-3.309389
651,2021-01-28 03:00:00,269.8744,0.33,-23.0,99990.0,1.7765121,-3.2108345
652,2021-01-28 04:00:00,268.9158,0.35,-40.0,99970.0,2.2102442,-3.3769035
653,2021-01-28 05:00:00,269.54745,0.38,-17.0,99980.0,2.427494,-3.3492546
654,2021-01-28 06:00:00,269.14667,0.43,-30.0,99910.0,2.5854206,-3.9007845
655,2021-01-28 07:00:00,268.71417,0.32,-16.0,99890.0,1.9158478,-3.015335
656,2021-01-28 08:00:00,268.2676,0.27,-16.0,99840.0,1.6783752,-2.616768
657,2021-01-28 09:00:00,267.9387,0.24,-20.0,99820.0,2.0053902,-2.1479378
658,2021-01-28 10:00:00,266.65952,0.34,-67.0,99750.0,2.2291346,-3.3752003
659,2021-01-28 11:00:00,266.98425,0.31,-60.0,99820.0,2.305704,-3.069828
660,2021-01-28 12:00:00,266.9487,0.44,-80.0,99800.0,2.818657,-4.178646
661,2021-01-28 13:00:00,267.5432,0.49,-40.0,99870.0,3.1613083,-4.409693
662,2021-01-28 14:00:00,268.56952,0.59,0.0,99930.0,4.1586485,-4.6867313
663,2021-01-28 15:00:00,269.7074,0.63,70.0,99960.0,4.2500477,-5.156584
664,2021-01-28 16:00:00,270.06665,0.71,121.0,99940.0,4.3504314,-6.0307636
665,2021-01-28 17:00:00,270.95667,0.72,139.0,99880.0,4.638159,-5.9300117
666,2021-01-28 18:00:00,272.1021,0.68,178.0,99830.0,4.141527,-5.798254
667,2021-01-28 19:00:00,272.06503,0.74,170.0,99750.0,4.744602,-6.1217937
668,2021-01-28 20:00:00,271.45734,0.75,142.0,99780.0,4.6924953,-6.2287464
669,2021-01-28 21:00:00,269.24988,0.75,58.0,99810.0,5.059807,-6.1111603
670,2021-01-28 22:00:00,267.34677,0.65,1.0,99860.0,4.030491,-5.62768
671,2021-01-28 23:00:00,266.1391,0.63,-21.0,99970.0,4.0886526,-5.407236
672,2021-01-29 00:00:00,265.0883,0.6,-37.0,100030.0,4.614335,-4.5868797
673,2021-01-29 01:00:00,264.70197,0.58,-33.0,100050.0,4.461604,-4.463873
674,2021-01-29 02:00:00,264.37466,0.57,-36.0,100010.0,4.971504,-3.6441936
675,2021-01-29 03:00:00,264.24164,0.67,-30.0,99950.0,6.1601706,-3.7091846
676,2021-01-29 04:00:00,263.64536,0.55,-20.0,99970.0,4.5873747,-3.6462955
677,2021-01-29 05:00:00,263.12946,0.41,-10.0,99990.0,3.0104275,-3.3545666
678,2021-01-29 06:00:00,262.6497,0.38,-30.0,99910.0,3.7660103,-1.8423805
679,2021-01-29 07:00:00,262.20392,0.19,-20.0,99790.0,2.0320368,1.1031666
680,2021-01-29 08:00:00,261.9713,0.09,-10.0,99750.0,1.8787937,0.27324104
681,2021-01-29 09:00:00,262.31287,0.56,-50.0,99740.0,4.941433,-3.5217772
682,2021-01-29 10:00:00,260.88632,0.7,-20.0,99810.0,4.7013035,-5.8249435
683,2021-01-29 11:00:00,259.71088,0.59,-10.0,99850.0,4.107339,-4.8582096
684,2021-01-29 12:00:00,258.92758,0.54,0.0,99910.0,4.384797,-3.7710314
685,2021-01-29 13:00:00,259.30734,0.64,20.0,99900.0,4.8421173,-4.7575397
686,2021-01-29 14:00:00,261.26233,0.67,130.0,99880.0,4.8385534,-5.1101723
687,2021-01-29 15:00:00,263.25735,0.82,210.0,99850.0,5.4370832,-6.7517376
688,2021-01-29 16:00:00,263.7946,0.85,220.0,99830.0,6.101839,-6.4856186
689,2021-01-29 17:00:00,265.5815,0.81,267.0,99780.0,5.672208,-6.3548584
690,2021-01-29 18:00:00,266.87674,0.81,290.0,99750.0,5.350522,-6.651474
691,2021-01-29 19:00:00,267.14856,0.74,232.0,99740.0,5.1758327,-5.731104
692,2021-01-29 20:00:00,267.02487,0.68,155.0,99830.0,4.737548,-5.2689915
693,2021-01-29 21:00:00,265.85458,0.73,60.0,99880.0,5.5505714,-5.3564453
694,2021-01-29 22:00:00,264.20526,0.68,-20.0,99970.0,5.1756945,-5.20047
695,2021-01-29 23:00:00,263.41666,0.68,-40.0,100090.0,4.543066,-5.7349167
696,2021-01-30 00:00:00,261.75745,0.63,-100.0,100140.0,4.889,-4.846596
697,2021-01-30 01:00:00,262.02057,0.61,-80.0,100210.0,4.3624105,-5.0384884
698,2021-01-30 02:00:00,261.85565,0.59,-47.0,100270.0,4.1112385,-4.932041
699,2021-01-30 03:00:00,261.3861,0.59,-54.0,100290.0,3.9829874,-4.9888496
700,2021-01-30 04:00:00,260.86145,0.56,-51.0,100330.0,3.4961796,-5.021824
701,2021-01-30 05:00:00,260.34076,0.47,-41.0,100370.0,3.2536325,-3.9800625
702,2021-01-30 06:00:00,259.86176,0.48,-38.0,100350.0,2.867281,-4.3844833
703,2021-01-30 07:00:00,259.4726,0.37,-39.0,100350.0,2.777934,-3.101963
704,2021-01-30 08:00:00,259.65216,0.33,-35.0,100360.0,2.4944077,-2.8284626
705,2021-01-30 09:00:00,259.43796,0.24,-31.0,100370.0,2.1954632,-1.9041653
706,2021-01-30 10:00:00,259.29727,0.29,-56.0,100360.0,2.5833817,-2.5092144
707,2021-01-30 11:00:00,258.9355,0.24,-50.0,100410.0,2.8136206,-1.4387112
708,2021-01-30 12:00:00,259.55542,0.35,-45.0,100480.0,3.0269814,-2.5714893
709,2021-01-30 13:00:00,260.7241,0.46,-7.0,100540.0,3.3581324,-3.6467743
710,2021-01-30 14:00:00,263.07333,0.59,84.0,100550.0,4.11672,-4.7067776
711,2021-01-30 15:00:00,264.37402,0.58,104.0,100590.0,4.564048,-3.972166
712,2021-01-30 16:00:00,268.20456,0.55,222.0,100590.0,4.2981396,-3.518258
713,2021-01-30 17:00:00,270.07928,0.47,227.0,100510.0,3.875227,-2.6490002
714,2021-01-30 18:00:00,270.8895,0.47,212.0,100460.0,4.3551483,-1.7084293
715,2021-01-30 19:00:00,271.2572,0.43,160.0,100390.0,3.7377205,-2.107706
716,2021-01-30 20:00:00,270.93027,0.41,108.0,100380.0,3.0476294,-2.689928
717,2021-01-30 21:00:00,269.39868,0.42,35.0,100380.0,3.124897,-3.0142403
718,2021-01-30 22:00:00,267.8302,0.34,-20.0,100400.0,2.236456,-3.1134815
719,2021-01-30 23:00:00,265.9532,0.35,-25.0,100450.0,2.4077253,-3.010847
720,2021-01-31 00:00:00,265.24838,0.37,-37.0,100490.0,2.18087,-3.4728699
721,2021-01-31 01:00:00,264.74744,0.36,-42.0,100550.0,2.5447655,-3.1357555
722,2021-01-31 02:00:00,264.0487,0.06,-3.0,100580.0,1.0119781,-1.0752802
723,2021-01-31 03:00:00,262.6153,0.02,-1.0,100580.0,0.6603508,-0.06605148
724,2021-01-31 04:00:00,261.79535,0.01,-1.0,100600.0,0.2790327,-0.25849152
725,2021-01-31 05:00:00,261.21292,0.09,-10.0,100650.0,1.4631023,-1.7493019
726,2021-01-31 06:00:00,261.1209,0.04,-3.0,100700.0,0.95932674,-0.80280495
727,2021-01-31 07:00:00,260.22394,0.04,-4.0,100720.0,1.1481066,-0.9203377
728,2021-01-31 08:00:00,259.57935,0.04,-4.0,100700.0,1.2574902,-0.62403965
729,2021-01-31 09:00:00,259.26117,0.04,-3.0,100710.0,1.2219696,-0.15177059
730,2021-01-31 10:00:00,258.41168,0.06,-7.0,100750.0,1.9174299,-0.32103062
731,2021-01-31 11:00:00,258.11966,0.04,-4.0,100740.0,1.3050709,-0.74963856
732,2021-01-31 12:00:00,258.19504,0.06,-6.0,100730.0,1.5451612,-0.92910767
733,2021-01-31 13:00:00,259.38425,0.04,-2.0,100780.0,1.1483784,-0.6038294
734,2021-01-31 14:00:00,263.82642,0.25,57.0,100740.0,1.401412,-1.9870367
735,2021-01-31 15:00:00,266.75314,0.25,129.0,100770.0,1.4174137,-1.6995173
736,2021-01-31 16:00:00,268.8578,0.24,154.0,100720.0,0.79909897,-1.9003248
737,2021-01-31 17:00:00,270.38855,0.21,153.0,100580.0,0.2687378,-1.6411209
738,2021-01-31 18:00:00,271.37924,0.02,43.0,100530.0,0.020302773,0.15705585
739,2021-01-31 19:00:00,270.96692,0.23,113.0,100530.0,-0.39124584,1.9144535
740,2021-01-31 20:00:00,270.48755,0.15,73.0,100520.0,0.7329464,0.9208698
741,2021-01-31 21:00:00,268.719,0.03,7.0,100470.0,0.18289757,-0.035054207
742,2021-01-31 22:00:00,266.81763,0.04,-2.0,100450.0,-1.1829338,0.63394547
743,2021-01-31 23:00:00,266.87585,0.06,-3.0,100480.0,-0.41326618,1.4478455
