,time,t,fricv,shtfl,sp,u10,v10
0,2020-12-01 00:00:00,286.03003,0.02,0.0,97620.0,-0.14792061,-0.7311268
1,2020-12-01 01:00:00,285.77008,0.01,-1.0,97580.0,0.014665604,0.35463142
2,2020-12-01 02:00:00,285.68512,0.07,-6.0,97640.0,1.6140327,1.4262218
3,2020-12-01 03:00:00,285.77936,0.08,-7.0,97710.0,-0.14450836,2.0476723
4,2020-12-01 04:00:00,286.06573,0.03,-1.0,97780.0,0.10967636,1.1523342
5,2020-12-01 05:00:00,285.73407,0.08,-4.0,97810.0,-0.16528797,1.7571983
6,2020-12-01 06:00:00,285.2638,0.1,-6.0,97830.0,0.78383064,1.8366947
7,2020-12-01 07:00:00,283.83435,0.04,-2.0,97860.0,0.3259449,1.3405914
8,2020-12-01 08:00:00,284.14328,0.07,0.0,97940.0,-0.037054062,1.5012665
9,2020-12-01 09:00:00,283.65225,0.12,-10.0,97940.0,0.7673073,1.8839359
10,2020-12-01 10:00:00,282.1485,0.04,-2.0,97910.0,0.5541687,1.5212402
11,2020-12-01 11:00:00,282.12958,0.15,-8.0,97930.0,-0.20472527,2.3874626
12,2020-12-01 12:00:00,282.46222,0.18,-10.0,97990.0,0.7730713,2.7068634
13,2020-12-01 13:00:00,282.2998,0.2,-4.0,98070.0,1.0061722,2.8973236
14,2020-12-01 14:00:00,282.68347,0.28,22.0,98070.0,0.6882992,3.9300995
15,2020-12-01 15:00:00,283.51898,0.32,50.0,98080.0,0.38267326,4.4821796
16,2020-12-01 16:00:00,283.73718,0.4,70.0,98070.0,2.1177273,5.246317
17,2020-12-01 17:00:00,282.98804,0.48,80.0,98050.0,3.0132484,6.18268
18,2020-12-01 18:00:00,281.87238,0.48,70.0,98090.0,2.9250288,6.1957855
19,2020-12-01 19:00:00,280.61206,0.49,50.0,98220.0,3.1854048,6.279814
20,2020-12-01 20:00:00,278.9079,0.5,9.0,98170.0,3.6058722,6.3328514
21,2020-12-01 21:00:00,277.2948,0.42,-30.0,98300.0,3.628313,5.008421
22,2020-12-01 22:00:00,276.17285,0.32,-50.0,98400.0,2.6840181,4.2252083
23,2020-12-01 23:00:00,275.58527,0.33,-52.0,98500.0,2.8468685,4.350889
24,2020-12-02 00:00:00,274.9953,0.38,-62.0,98630.0,3.3164997,4.867014
25,2020-12-02 01:00:00,274.47977,0.35,-43.0,98730.0,3.3035927,4.354479
26,2020-12-02 02:00:00,274.01178,0.36,-41.0,98820.0,3.2075539,4.457527
27,2020-12-02 03:00:00,273.49142,0.32,-39.0,98840.0,2.708992,4.1692734
28,2020-12-02 04:00:00,273.2904,0.31,-36.0,98900.0,2.1597958,4.2978115
29,2020-12-02 05:00:00,273.15097,0.23,-20.0,98930.0,1.7198105,3.3258228
30,2020-12-02 06:00:00,273.2279,0.29,-30.0,98940.0,1.5548115,4.1774635
31,2020-12-02 07:00:00,273.2941,0.29,-30.0,98980.0,1.7935734,4.1250706
32,2020-12-02 08:00:00,273.3896,0.32,-40.0,99040.0,2.2684135,4.463089
33,2020-12-02 09:00:00,273.35156,0.27,-20.0,99030.0,0.97294235,4.021555
34,2020-12-02 10:00:00,273.12604,0.23,-20.0,99030.0,1.1587448,3.4737587
35,2020-12-02 11:00:00,273.17145,0.27,-30.0,99090.0,1.5289383,3.8989716
36,2020-12-02 12:00:00,273.88467,0.33,-19.0,98980.0,1.428524,4.2809124
37,2020-12-02 13:00:00,274.41205,0.3,-10.0,99020.0,2.201048,3.4466648
38,2020-12-02 14:00:00,275.48798,0.33,10.0,99090.0,2.1853065,3.7995129
39,2020-12-02 15:00:00,275.5934,0.32,4.0,99110.0,2.631199,3.3820782
40,2020-12-02 16:00:00,277.9409,0.4,70.0,99130.0,4.4502525,2.540863
41,2020-12-02 17:00:00,277.35645,0.43,30.0,99190.0,5.428114,1.3869114
42,2020-12-02 18:00:00,276.77875,0.46,-10.0,99210.0,5.7410774,2.3059387
43,2020-12-02 19:00:00,276.28156,0.36,-20.0,99240.0,4.5796223,1.8988457
44,2020-12-02 20:00:00,276.27124,0.3,-28.0,99320.0,3.9594116,1.5623016
45,2020-12-02 21:00:00,276.89758,0.22,-19.0,99370.0,2.43886,2.0640507
46,2020-12-02 22:00:00,275.7384,0.15,-19.0,99470.0,2.027544,1.6494179
47,2020-12-02 23:00:00,274.6969,0.19,-24.0,99540.0,0.79859734,2.9363422
48,2020-12-03 00:00:00,274.01447,0.19,-32.0,99590.0,1.9920082,2.5618134
49,2020-12-03 01:00:00,273.69604,0.19,-32.0,99660.0,0.86771965,3.0770454
50,2020-12-03 02:00:00,273.42874,0.13,-19.0,99740.0,0.75527763,2.5411415
51,2020-12-03 03:00:00,273.03387,0.11,-13.0,99810.0,1.2395744,2.0220165
52,2020-12-03 04:00:00,272.94006,0.13,-15.0,99870.0,1.3839931,2.0541992
53,2020-12-03 05:00:00,272.8333,0.12,-13.0,99890.0,1.3591557,1.8975945
54,2020-12-03 06:00:00,272.7327,0.15,-20.0,99930.0,2.1836243,1.5466537
55,2020-12-03 07:00:00,272.57794,0.13,-14.0,99960.0,1.9432735,1.3497429
56,2020-12-03 08:00:00,272.41223,0.08,-7.0,99990.0,1.191124,1.5074806
57,2020-12-03 09:00:00,272.29227,0.08,-5.0,100010.0,1.4568901,1.0328884
58,2020-12-03 10:00:00,272.05908,0.15,-11.0,100080.0,1.5603409,1.7990208
59,2020-12-03 11:00:00,272.36957,0.16,-10.0,100150.0,1.5364323,1.9640427
60,2020-12-03 12:00:00,272.48108,0.2,-10.0,100110.0,1.9705315,2.0890484
61,2020-12-03 13:00:00,272.9787,0.18,-5.0,100140.0,1.2539444,2.258564
62,2020-12-03 14:00:00,274.78735,0.27,20.0,100150.0,2.176468,2.6643448
63,2020-12-03 15:00:00,277.0672,0.32,40.0,100210.0,2.6886787,3.1428814
64,2020-12-03 16:00:00,279.44894,0.27,50.0,100160.0,2.5571957,2.1193886
65,2020-12-03 17:00:00,281.0592,0.29,50.0,100090.0,2.5820599,2.5980186
66,2020-12-03 18:00:00,281.94455,0.29,30.0,100030.0,1.9117756,3.1274605
67,2020-12-03 19:00:00,282.2243,0.27,6.0,99960.0,1.6072063,3.2415714
68,2020-12-03 20:00:00,281.17175,0.25,-14.0,99950.0,1.2319756,3.2797146
69,2020-12-03 21:00:00,278.73737,0.19,-30.0,100000.0,0.882843,3.0892162
70,2020-12-03 22:00:00,276.87347,0.17,-34.0,99930.0,1.2609081,2.940216
71,2020-12-03 23:00:00,276.09467,0.17,-31.0,99930.0,1.7541752,2.4884033
72,2020-12-04 00:00:00,276.46494,0.11,-13.0,99980.0,1.2921124,1.9102993
73,2020-12-04 01:00:00,276.40646,0.24,-45.0,100000.0,1.8410072,3.2949333
74,2020-12-04 02:00:00,276.09567,0.14,-22.0,99970.0,1.7017403,2.1987133
75,2020-12-04 03:00:00,276.38925,0.18,-33.0,99930.0,2.2646732,2.3371239
76,2020-12-04 04:00:00,276.03076,0.09,-10.0,99940.0,1.432518,1.89505
77,2020-12-04 05:00:00,276.9431,0.17,-24.0,99900.0,2.6494427,1.2547035
78,2020-12-04 06:00:00,275.90704,0.09,-13.0,99800.0,2.4195595,0.8119011
79,2020-12-04 07:00:00,275.44263,0.05,-5.0,99800.0,0.5377197,1.5041943
80,2020-12-04 08:00:00,275.16342,0.11,-15.0,99760.0,1.8869019,1.5943432
81,2020-12-04 09:00:00,275.22906,0.17,-25.0,99750.0,1.8847446,2.352522
82,2020-12-04 10:00:00,275.23468,0.05,-4.0,99680.0,1.1005325,1.3939819
83,2020-12-04 11:00:00,275.6926,0.05,-3.0,99680.0,1.4142818,0.68577003
84,2020-12-04 12:00:00,276.7531,0.04,0.0,99710.0,0.36209297,1.267889
85,2020-12-04 13:00:00,277.21887,0.2,-20.0,99790.0,3.012617,0.4758854
86,2020-12-04 14:00:00,278.95312,0.1,11.0,99720.0,0.05799675,1.1197262
87,2020-12-04 15:00:00,280.75,0.27,9.0,99680.0,1.7930431,3.1032887
88,2020-12-04 16:00:00,283.1491,0.27,18.0,99590.0,1.7997704,2.9844513
89,2020-12-04 17:00:00,284.28885,0.29,22.0,99460.0,1.0927925,3.7008572
90,2020-12-04 18:00:00,283.81482,0.36,27.0,99410.0,0.64143276,4.71224
91,2020-12-04 19:00:00,283.35803,0.3,9.0,99360.0,0.055934906,4.0403137
92,2020-12-04 20:00:00,281.6906,0.23,-8.0,99340.0,0.6530695,3.2185001
93,2020-12-04 21:00:00,280.1794,0.11,-10.0,99350.0,1.0855408,1.9913387
94,2020-12-04 22:00:00,279.26837,0.17,-18.0,99310.0,0.40371227,2.7294693
95,2020-12-04 23:00:00,279.09973,0.32,-36.0,99350.0,1.1991978,4.324216
96,2020-12-05 00:00:00,278.9475,0.31,-22.0,99370.0,1.4040928,4.1360826
97,2020-12-05 01:00:00,278.4204,0.33,-30.0,99360.0,1.4985514,4.375826
98,2020-12-05 02:00:00,278.61646,0.38,-11.0,99370.0,1.7849789,4.787984
99,2020-12-05 03:00:00,278.07208,0.28,-16.0,99330.0,1.5323973,3.5542498
100,2020-12-05 04:00:00,278.4745,0.13,-7.0,99210.0,1.3404312,1.5206099
101,2020-12-05 05:00:00,278.6302,0.16,-4.0,99190.0,0.733881,2.1369095
102,2020-12-05 06:00:00,277.89502,0.07,-3.0,99060.0,0.96146107,1.1430931
103,2020-12-05 07:00:00,277.66144,0.08,-4.0,99020.0,-0.4438982,1.512497
104,2020-12-05 08:00:00,277.8907,0.04,-1.0,98910.0,0.29241848,0.9603386
105,2020-12-05 09:00:00,278.0623,0.03,0.0,98860.0,0.44150066,0.56705666
106,2020-12-05 10:00:00,277.9652,0.08,0.0,98870.0,-0.56097984,-1.0261822
107,2020-12-05 11:00:00,277.93277,0.33,-10.0,98780.0,-1.3545723,-4.1788063
108,2020-12-05 12:00:00,277.48898,0.25,-10.0,98870.0,-1.1037388,-3.3621159
109,2020-12-05 13:00:00,277.25983,0.4,-10.0,98690.0,-1.5413952,-5.0993195
110,2020-12-05 14:00:00,276.91925,0.28,-10.0,98680.0,0.2554016,-3.8652096
111,2020-12-05 15:00:00,277.3553,0.34,-10.0,98580.0,1.1130238,-4.370537
112,2020-12-05 16:00:00,277.53876,0.32,0.0,98550.0,1.8362141,-3.8659973
113,2020-12-05 17:00:00,278.85037,0.34,20.0,98450.0,2.2864704,-3.9134502
114,2020-12-05 18:00:00,278.68604,0.47,-20.0,98370.0,4.0918045,-4.8482437
115,2020-12-05 19:00:00,278.7934,0.48,-21.0,98390.0,5.1954517,-3.9489899
116,2020-12-05 20:00:00,277.74716,0.45,-40.0,98400.0,5.1056747,-3.3377438
117,2020-12-05 21:00:00,276.60553,0.5,-75.0,98480.0,5.749138,-3.7910595
118,2020-12-05 22:00:00,275.48737,0.47,-84.0,98580.0,5.5138664,-3.5808716
119,2020-12-05 23:00:00,275.063,0.49,-85.0,98690.0,5.936018,-3.3083572
120,2020-12-06 00:00:00,274.7848,0.44,-80.0,98720.0,5.26956,-3.1566792
121,2020-12-06 01:00:00,274.46405,0.43,-79.0,98780.0,5.0469246,-3.4399834
122,2020-12-06 02:00:00,274.11322,0.38,-65.0,98770.0,4.7194786,-2.7080784
123,2020-12-06 03:00:00,273.9806,0.41,-66.0,98780.0,5.1113243,-2.7917862
124,2020-12-06 04:00:00,273.80603,0.42,-70.0,98760.0,5.4236126,-2.2370224
125,2020-12-06 05:00:00,273.7705,0.35,-64.0,98760.0,4.7358465,-1.7589798
126,2020-12-06 06:00:00,273.9074,0.29,-46.0,98780.0,4.08284,-1.0485077
127,2020-12-06 07:00:00,273.7843,0.16,-19.0,98760.0,2.6987648,0.0030536652
128,2020-12-06 08:00:00,273.42245,0.17,-21.0,98770.0,2.6143847,0.9598465
129,2020-12-06 09:00:00,273.34836,0.29,-40.0,98780.0,4.1557446,-0.3310585
130,2020-12-06 10:00:00,273.09442,0.41,-48.0,98840.0,5.229683,-2.0938644
131,2020-12-06 11:00:00,273.0873,0.38,-38.0,98850.0,5.057308,-1.4292965
132,2020-12-06 12:00:00,272.9363,0.38,-32.0,98890.0,4.9015656,-1.8979053
133,2020-12-06 13:00:00,272.8274,0.5,-9.0,98890.0,5.877247,-3.248293
134,2020-12-06 14:00:00,273.99182,0.49,29.0,98910.0,5.401785,-3.611105
135,2020-12-06 15:00:00,275.16345,0.56,81.0,98930.0,6.576723,-3.2793484
136,2020-12-06 16:00:00,276.3966,0.56,113.0,98910.0,6.615631,-3.3210373
137,2020-12-06 17:00:00,276.9461,0.55,112.0,98860.0,6.634117,-2.894844
138,2020-12-06 18:00:00,277.1486,0.6,104.0,98830.0,7.1996384,-3.1791353
139,2020-12-06 19:00:00,276.42776,0.56,65.0,98790.0,6.8876095,-2.6903172
140,2020-12-06 20:00:00,275.0157,0.52,21.0,98820.0,6.622897,-2.0830526
141,2020-12-06 21:00:00,273.2042,0.4,-23.0,98880.0,5.358163,-0.8010168
142,2020-12-06 22:00:00,272.5609,0.25,-24.0,98940.0,3.5821762,-0.22393227
143,2020-12-06 23:00:00,272.6206,0.27,-28.0,98980.0,3.7066393,-1.2409143
144,2020-12-07 00:00:00,272.57483,0.23,-20.0,99020.0,3.339364,-0.729372
145,2020-12-07 01:00:00,272.58276,0.17,-9.0,99030.0,1.9019308,-1.6695118
146,2020-12-07 02:00:00,272.58032,0.1,-5.0,99050.0,1.655426,0.48974228
147,2020-12-07 03:00:00,272.5639,0.06,-2.0,99050.0,1.3838043,0.094465256
148,2020-12-07 04:00:00,272.46576,0.17,-12.0,99010.0,2.3448057,-1.2010727
149,2020-12-07 05:00:00,272.44632,0.19,-11.0,98980.0,2.7643309,-0.67378044
150,2020-12-07 06:00:00,272.16858,0.24,-14.0,98960.0,2.9509153,-1.6211052
151,2020-12-07 07:00:00,272.13495,0.25,-10.0,98900.0,2.8915434,-1.7559204
152,2020-12-07 08:00:00,271.80988,0.11,-5.0,98930.0,1.8388977,-0.31435966
153,2020-12-07 09:00:00,271.6062,0.15,-7.0,98890.0,2.035223,-1.1450634
154,2020-12-07 10:00:00,271.61987,0.13,0.0,98870.0,1.9870911,-0.1732254
155,2020-12-07 11:00:00,271.12622,0.15,-10.0,98880.0,2.0854588,-0.8716335
156,2020-12-07 12:00:00,270.0699,0.06,-4.0,98900.0,1.6705818,-0.30949306
157,2020-12-07 13:00:00,270.85828,0.1,-1.0,98910.0,0.79359245,1.2237568
158,2020-12-07 14:00:00,273.32184,0.26,25.0,98850.0,2.4114857,-2.3477535
159,2020-12-07 15:00:00,275.1469,0.25,51.0,98870.0,2.6864624,-1.4357834
160,2020-12-07 16:00:00,276.33902,0.27,68.0,98870.0,3.2443657,-0.3774624
161,2020-12-07 17:00:00,277.56955,0.27,85.0,98740.0,2.9648685,-1.2325745
162,2020-12-07 18:00:00,277.78006,0.27,64.0,98620.0,2.5059738,-2.2306652
163,2020-12-07 19:00:00,277.51398,0.24,44.0,98590.0,2.8315144,-0.81788254
164,2020-12-07 20:00:00,276.1725,0.21,6.0,98530.0,2.376768,-1.391325
165,2020-12-07 21:00:00,274.16663,0.19,-20.0,98540.0,2.6861076,-1.29249
166,2020-12-07 22:00:00,272.5661,0.18,-22.0,98600.0,2.9068718,-0.43419266
167,2020-12-07 23:00:00,272.4206,0.13,-13.0,98650.0,2.147211,-1.0070229
168,2020-12-08 00:00:00,272.41345,0.25,-23.0,98620.0,2.7085857,-2.4789124
169,2020-12-08 01:00:00,272.40714,0.12,-7.0,98650.0,1.5518131,-1.3046646
170,2020-12-08 02:00:00,272.3655,0.02,0.0,98650.0,0.09660721,0.6223717
171,2020-12-08 03:00:00,272.5509,0.02,0.0,98650.0,0.3970909,-0.34560204
172,2020-12-08 04:00:00,272.5011,0.08,-1.0,98630.0,-0.022180557,-1.1598167
173,2020-12-08 05:00:00,272.7115,0.08,0.0,98640.0,0.08686638,-1.2000618
174,2020-12-08 06:00:00,272.80615,0.09,0.0,98670.0,0.6722851,-1.1338615
175,2020-12-08 07:00:00,272.66235,0.22,4.0,98590.0,1.2272968,-2.6967964
176,2020-12-08 08:00:00,272.57788,0.25,6.0,98570.0,1.343523,-3.0406628
177,2020-12-08 09:00:00,272.5741,0.24,1.0,98560.0,1.3598423,-2.854496
178,2020-12-08 10:00:00,272.3629,0.33,11.0,98560.0,1.2937737,-4.160038
179,2020-12-08 11:00:00,272.20276,0.35,28.0,98630.0,1.899786,-4.22995
180,2020-12-08 12:00:00,271.79956,0.34,20.0,98750.0,1.7038612,-4.136841
181,2020-12-08 13:00:00,272.03333,0.27,28.0,98780.0,1.7628555,-2.9640427
182,2020-12-08 14:00:00,272.63428,0.31,52.0,98800.0,2.8021698,-2.711073
183,2020-12-08 15:00:00,272.37976,0.34,43.0,98860.0,3.1825447,-2.996088
184,2020-12-08 16:00:00,274.20862,0.41,107.0,98850.0,4.060602,-3.291129
185,2020-12-08 17:00:00,275.35532,0.36,124.0,98790.0,3.46587,-2.7773933
186,2020-12-08 18:00:00,275.33588,0.35,70.0,98730.0,3.678606,-2.548545
187,2020-12-08 19:00:00,274.6422,0.44,39.0,98730.0,4.5808163,-3.6206102
188,2020-12-08 20:00:00,274.04132,0.41,13.0,98790.0,4.7794933,-2.5133877
189,2020-12-08 21:00:00,272.90414,0.28,-22.0,98850.0,3.3648052,-2.061448
190,2020-12-08 22:00:00,272.51056,0.25,-21.0,98900.0,3.3114567,-1.2851295
191,2020-12-08 23:00:00,272.20486,0.31,-19.0,98940.0,3.8844671,-1.8829031
192,2020-12-09 00:00:00,272.02856,0.36,-17.0,98940.0,4.515173,-1.9742451
193,2020-12-09 01:00:00,271.65717,0.29,-15.0,98930.0,3.2350426,-2.4928055
194,2020-12-09 02:00:00,271.43085,0.26,-21.0,99020.0,2.6666107,-2.4642973
195,2020-12-09 03:00:00,270.108,0.06,-4.0,99030.0,0.96342087,1.526228
196,2020-12-09 04:00:00,268.99463,0.08,-8.0,99030.0,-0.99187756,1.9032488
197,2020-12-09 05:00:00,268.38272,0.08,-8.0,99030.0,0.45673466,2.2146063
198,2020-12-09 06:00:00,268.12958,0.12,-19.0,99000.0,0.5233135,2.647046
199,2020-12-09 07:00:00,267.85535,0.09,-11.0,98980.0,0.67349625,2.2982721
200,2020-12-09 08:00:00,267.84436,0.1,-12.0,98980.0,1.1737032,2.102562
201,2020-12-09 09:00:00,268.6947,0.14,-19.0,98920.0,2.1845121,1.4080219
202,2020-12-09 10:00:00,269.73926,0.08,-8.0,98920.0,1.7570171,1.3031998
203,2020-12-09 11:00:00,271.13574,0.08,-5.0,98940.0,0.09727383,1.64042
204,2020-12-09 12:00:00,272.14465,0.18,2.0,98920.0,1.1807146,2.0973759
205,2020-12-09 13:00:00,272.44522,0.2,-1.0,98910.0,1.3129349,2.3498154
206,2020-12-09 14:00:00,272.97345,0.23,8.0,98920.0,1.0928764,2.8996944
207,2020-12-09 15:00:00,274.33414,0.25,16.0,98860.0,2.2867727,2.2349606
208,2020-12-09 16:00:00,274.98883,0.3,49.0,98840.0,2.8557873,2.5496206
209,2020-12-09 17:00:00,274.39667,0.29,35.0,98750.0,2.1016579,3.1938953
210,2020-12-09 18:00:00,274.90808,0.3,43.0,98660.0,2.3003292,2.9556713
211,2020-12-09 19:00:00,275.04834,0.25,28.0,98590.0,1.8621807,2.5552855
212,2020-12-09 20:00:00,274.62347,0.28,15.0,98590.0,2.374093,2.852686
213,2020-12-09 21:00:00,273.51666,0.23,-13.0,98620.0,2.1860504,2.411952
214,2020-12-09 22:00:00,272.945,0.2,-14.0,98660.0,1.912427,2.227025
215,2020-12-09 23:00:00,273.48175,0.17,-10.0,98760.0,1.8530607,1.7221794
216,2020-12-10 00:00:00,272.06726,0.13,-19.0,98800.0,2.0397224,1.7261372
217,2020-12-10 01:00:00,273.40393,0.23,-24.0,98810.0,2.714921,1.9817629
218,2020-12-10 02:00:00,272.98145,0.19,-26.0,98830.0,2.6237373,1.7198563
219,2020-12-10 03:00:00,273.19183,0.17,-20.0,98840.0,1.6693716,2.306221
220,2020-12-10 04:00:00,273.65875,0.25,-38.0,98890.0,3.6741848,0.98230743
221,2020-12-10 05:00:00,273.48618,0.12,-16.0,98920.0,1.7454214,1.7801838
222,2020-12-10 06:00:00,273.2544,0.19,-32.0,98940.0,1.2736425,2.9109163
223,2020-12-10 07:00:00,273.347,0.23,-44.0,99010.0,1.2229376,3.4612713
224,2020-12-10 08:00:00,274.6079,0.23,-26.0,99100.0,1.1628284,3.1615105
225,2020-12-10 09:00:00,275.0924,0.18,-16.0,99130.0,1.117238,2.4917068
226,2020-12-10 10:00:00,274.68478,0.16,-20.0,99200.0,-0.38938618,2.65948
227,2020-12-10 11:00:00,275.41858,0.19,-14.0,99310.0,-0.298234,2.7583447
228,2020-12-10 12:00:00,276.11737,0.17,-5.0,99430.0,0.06835079,2.382784
229,2020-12-10 13:00:00,276.222,0.14,0.0,99530.0,-0.18792248,1.9799423
230,2020-12-10 14:00:00,277.9458,0.12,4.0,99650.0,1.4691219,0.40481377
231,2020-12-10 15:00:00,279.32034,0.23,6.0,99750.0,2.52771,-1.7408276
232,2020-12-10 16:00:00,281.31113,0.38,59.0,99780.0,4.7913275,-1.4294062
233,2020-12-10 17:00:00,281.7053,0.43,73.0,99790.0,5.4367495,-1.1341228
234,2020-12-10 18:00:00,281.59302,0.41,68.0,99800.0,5.126652,-1.2266417
235,2020-12-10 19:00:00,281.21417,0.39,42.0,99820.0,5.0140095,-1.0756617
236,2020-12-10 20:00:00,279.78473,0.37,-4.0,99870.0,4.737008,-1.5077095
237,2020-12-10 21:00:00,277.83417,0.28,-36.0,99930.0,3.9804058,-1.0175915
238,2020-12-10 22:00:00,275.32562,0.08160882,-10.0,100030.0,2.3933516,0.2943325
239,2020-12-10 23:00:00,274.46368,0.07,-7.0,100140.0,1.625082,1.255683
240,2020-12-11 00:00:00,273.6548,0.11,-13.0,100130.0,0.7995262,2.2616959
241,2020-12-11 01:00:00,272.6978,0.04148731,-4.0,100160.0,1.128479,1.2890711
242,2020-12-11 02:00:00,271.90558,0.08,-8.0,100190.0,2.024166,0.6634064
243,2020-12-11 03:00:00,271.3216,0.06,-5.0,100200.0,1.2611618,1.3963261
244,2020-12-11 04:00:00,270.19684,0.07,-7.0,100240.0,1.3479462,1.5750656
245,2020-12-11 05:00:00,269.34277,0.04,-4.0,100190.0,1.3125725,0.41793442
246,2020-12-11 06:00:00,269.49097,0.04,-3.0,100170.0,1.159688,0.8325405
247,2020-12-11 07:00:00,269.25854,0.05,-5.0,100160.0,1.8135757,0.26842117
248,2020-12-11 08:00:00,268.92004,0.07,-7.0,100200.0,1.8276978,1.0064888
249,2020-12-11 09:00:00,268.35376,0.05,-5.0,100190.0,1.1641102,1.3933573
250,2020-12-11 10:00:00,267.6371,0.05,-4.0,100150.0,1.326293,0.881052
251,2020-12-11 11:00:00,269.18213,0.04,-3.0,100160.0,1.4150085,-0.113061905
252,2020-12-11 12:00:00,269.09793,0.04,-4.0,100210.0,1.5192089,0.1798954
253,2020-12-11 13:00:00,269.46548,0.05,-5.0,100200.0,1.6074524,0.29654312
254,2020-12-11 14:00:00,272.0631,0.05,-2.0,100160.0,0.5650406,-1.3560753
255,2020-12-11 15:00:00,277.30133,0.18,22.0,100160.0,0.34776592,2.2089443
256,2020-12-11 16:00:00,279.88815,0.32,35.0,100110.0,1.6971807,3.8151064
257,2020-12-11 17:00:00,281.4825,0.35,27.0,99970.0,1.4367523,4.241353
258,2020-12-11 18:00:00,282.3479,0.35,17.0,99850.0,0.97317505,4.557358
259,2020-12-11 19:00:00,282.57733,0.37,13.0,99810.0,1.9285831,4.5336733
260,2020-12-11 20:00:00,281.50397,0.32,-25.0,99810.0,1.4585171,4.2461348
261,2020-12-11 21:00:00,280.23984,0.17,-28.0,99830.0,1.5951872,2.5731688
262,2020-12-11 22:00:00,278.49634,0.09,-11.0,99870.0,2.0181665,1.2524099
263,2020-12-11 23:00:00,277.2476,0.07,-7.0,99890.0,1.786686,1.0691061
264,2020-12-12 00:00:00,275.99426,0.05,-5.0,99940.0,1.5283804,0.49822617
265,2020-12-12 01:00:00,274.5611,0.05,-6.0,99970.0,1.5477715,0.5415621
266,2020-12-12 02:00:00,273.79166,0.06,-8.0,99970.0,1.8380871,0.86433315
267,2020-12-12 03:00:00,273.02298,0.04,-4.0,99960.0,1.2767859,0.44526672
268,2020-12-12 04:00:00,272.57077,0.05,-7.0,99970.0,1.6860771,0.89419746
269,2020-12-12 05:00:00,272.03488,0.06,-8.0,99990.0,1.1143522,1.7031956
270,2020-12-12 06:00:00,271.91394,0.04,-4.0,99930.0,1.3521042,0.81630707
271,2020-12-12 07:00:00,271.85876,0.04,-4.0,99980.0,1.065836,0.80805206
272,2020-12-12 08:00:00,271.04156,0.04,-4.0,100000.0,1.2964382,0.55822086
273,2020-12-12 09:00:00,270.52374,0.03,-3.0,99970.0,0.999197,0.25480747
274,2020-12-12 10:00:00,271.31863,0.01,0.0,100010.0,0.13442326,0.23461246
275,2020-12-12 11:00:00,270.99704,0.02,-2.0,99970.0,0.30665398,-0.65441513
276,2020-12-12 12:00:00,270.5621,0.02,-2.0,100020.0,-0.1830225,-0.62470055
277,2020-12-12 13:00:00,271.88562,0.07,-8.0,99980.0,1.5183716,-1.5264835
278,2020-12-12 14:00:00,275.00543,0.09,-2.0,99990.0,-0.12307739,-1.4096966
279,2020-12-12 15:00:00,276.49292,0.12,-4.0,99940.0,-0.41625977,-1.8244724
280,2020-12-12 16:00:00,277.13202,0.15,-9.0,99870.0,-0.5626106,-2.282444
281,2020-12-12 17:00:00,278.0802,0.17,-7.0,99760.0,-0.19149113,-2.3647213
282,2020-12-12 18:00:00,279.09595,0.2,0.0,99640.0,-1.8518887,-2.01828
283,2020-12-12 19:00:00,278.87732,0.15,-11.0,99520.0,0.23875141,-2.3213806
284,2020-12-12 20:00:00,279.6935,0.1,-5.0,99470.0,-0.29744148,-1.6563187
285,2020-12-12 21:00:00,279.7516,0.1,-8.0,99470.0,0.0332613,-1.9247494
286,2020-12-12 22:00:00,279.73825,0.03,-1.0,99490.0,-0.033031464,-1.1607685
287,2020-12-12 23:00:00,279.70526,0.05,-3.0,99420.0,0.4178686,-1.4473343
288,2020-12-13 00:00:00,279.86432,0.02,-1.0,99400.0,-0.62226105,-0.37477303
289,2020-12-13 01:00:00,279.76868,0.02,-1.0,99370.0,0.26258278,-0.76078033
290,2020-12-13 02:00:00,279.59872,0.07,-6.0,99380.0,1.9418688,-0.45186996
291,2020-12-13 03:00:00,280.03217,0.02,-1.0,99330.0,0.55947876,0.3329029
292,2020-12-13 04:00:00,279.71216,0.03,-1.0,99240.0,-0.311306,-0.9158726
293,2020-12-13 05:00:00,279.48438,0.02,0.0,99290.0,0.60079384,0.5655651
294,2020-12-13 06:00:00,279.0997,0.02,0.0,99240.0,0.3808956,-0.49212074
295,2020-12-13 07:00:00,279.04492,0.06,-2.0,99190.0,1.3064976,0.70898056
296,2020-12-13 08:00:00,279.06067,0.03,-1.0,99180.0,0.81934357,-0.50911903
297,2020-12-13 09:00:00,279.4076,0.13,-16.0,99190.0,2.2227745,1.22999
298,2020-12-13 10:00:00,278.5603,0.05,-4.0,99190.0,1.4283733,0.9752331
299,2020-12-13 11:00:00,278.7297,0.18,0.0,99230.0,1.6149311,1.9126549
300,2020-12-13 12:00:00,278.45868,0.15,5.0,99260.0,1.1781216,1.6419296
301,2020-12-13 13:00:00,279.0406,0.07,1.0,99280.0,0.78756714,0.56305313
302,2020-12-13 14:00:00,280.536,0.08,-1.0,99370.0,0.8262501,1.0565491
303,2020-12-13 15:00:00,284.12927,0.2,0.0,99370.0,2.1299381,1.608633
304,2020-12-13 16:00:00,286.01605,0.28,0.0,99350.0,3.3446388,1.6886978
305,2020-12-13 17:00:00,285.30743,0.53,-16.0,99320.0,6.746521,2.2217846
306,2020-12-13 18:00:00,285.38156,0.4,14.0,99300.0,4.991083,1.9149075
307,2020-12-13 19:00:00,284.75574,0.39,-1.0,99340.0,5.207697,0.2616539
308,2020-12-13 20:00:00,283.43982,0.28,-19.0,99430.0,3.9433107,0.44141388
309,2020-12-13 21:00:00,281.6501,0.13,-17.0,99490.0,2.5539818,0.15166664
310,2020-12-13 22:00:00,279.82364,0.08,-11.0,99540.0,2.2451553,0.8267145
311,2020-12-13 23:00:00,279.28644,0.12,-19.0,99550.0,2.7208824,0.16363144
312,2020-12-14 00:00:00,279.63354,0.17,-25.0,99610.0,2.8786106,-0.49603653
313,2020-12-14 01:00:00,278.5802,0.14,-18.0,99650.0,2.1748276,-1.3245182
314,2020-12-14 02:00:00,277.21954,0.15,-22.0,99700.0,2.6044273,-0.8916073
315,2020-12-14 03:00:00,276.05014,0.03,-2.0,99630.0,0.9583225,-0.48184776
316,2020-12-14 04:00:00,275.0454,0.01,-1.0,99610.0,0.3657894,0.4018898
317,2020-12-14 05:00:00,274.51706,0.03,-2.0,99640.0,0.88673115,0.59874535
318,2020-12-14 06:00:00,273.88782,0.13,-18.0,99640.0,2.485032,-0.8013096
319,2020-12-14 07:00:00,273.60486,0.09,-9.0,99630.0,2.0291147,-0.88401604
320,2020-12-14 08:00:00,275.0448,0.11,-8.0,99590.0,1.4614067,-1.3583145
321,2020-12-14 09:00:00,274.6766,0.04,0.0,99540.0,-0.85839844,-0.7865677
322,2020-12-14 10:00:00,274.3844,0.09,-5.0,99550.0,-0.23333359,-1.6543446
323,2020-12-14 11:00:00,274.41254,0.13,9.0,99590.0,-0.7757244,1.4072971
324,2020-12-14 12:00:00,274.3286,0.16,5.0,99560.0,-1.2722769,-1.580719
325,2020-12-14 13:00:00,274.25385,0.08,9.0,99530.0,-0.8660679,-0.30673218
326,2020-12-14 14:00:00,273.8145,0.13,10.0,99440.0,-1.0733881,-1.3329525
327,2020-12-14 15:00:00,274.00916,0.16,10.0,99370.0,-0.7299185,-1.8613567
328,2020-12-14 16:00:00,274.0424,0.14,15.0,99430.0,-0.68226624,-1.6181068
329,2020-12-14 17:00:00,273.7527,0.11,12.0,99320.0,0.050561905,-1.2939148
330,2020-12-14 18:00:00,273.95908,0.09,11.0,99160.0,0.19759083,-0.93813133
331,2020-12-14 19:00:00,274.15067,0.05,11.0,99070.0,0.37620258,0.24473763
332,2020-12-14 20:00:00,273.5457,0.03,0.0,99060.0,0.39183712,0.75105476
333,2020-12-14 21:00:00,273.912,0.09,4.0,99060.0,0.7809124,0.6682377
334,2020-12-14 22:00:00,273.01172,0.11,-11.0,99060.0,1.8794518,1.1358967
335,2020-12-14 23:00:00,272.82657,0.12,-17.0,99080.0,2.5958042,0.1266613
336,2020-12-15 00:00:00,272.7657,0.12,-20.0,99190.0,2.6439228,-0.33530426
337,2020-12-15 01:00:00,272.81683,0.05,0.0,99270.0,1.5988121,0.7154064
338,2020-12-15 02:00:00,272.80994,0.04,0.0,99350.0,1.1589317,0.56345177
339,2020-12-15 03:00:00,272.4074,0.06,0.0,99480.0,1.6990986,0.70565987
340,2020-12-15 04:00:00,271.98407,0.03,0.0,99550.0,0.3604002,1.1005936
341,2020-12-15 05:00:00,271.8971,0.03,0.0,99650.0,0.559494,1.0652924
342,2020-12-15 06:00:00,271.88406,0.05,-2.0,99730.0,1.270935,0.8457737
343,2020-12-15 07:00:00,272.67654,0.12,-5.0,99850.0,1.5031004,1.1082344
344,2020-12-15 08:00:00,271.82135,0.13,-10.0,99940.0,1.8532715,0.98007774
345,2020-12-15 09:00:00,271.5208,0.12,-11.0,100000.0,1.9917927,0.9094677
346,2020-12-15 10:00:00,271.34323,0.2,-10.0,100040.0,2.6936522,-0.96696854
347,2020-12-15 11:00:00,270.83392,0.2,-20.0,100100.0,2.907711,-1.1726799
348,2020-12-15 12:00:00,270.73602,0.15,-10.0,100200.0,2.4219742,-0.09366226
349,2020-12-15 13:00:00,271.1806,0.18,-10.0,100240.0,2.2997246,1.3594742
350,2020-12-15 14:00:00,272.6588,0.2,10.0,100350.0,2.6058846,-0.48612213
351,2020-12-15 15:00:00,274.61188,0.36,60.0,100400.0,2.809885,-3.6431694
352,2020-12-15 16:00:00,274.94928,0.33,64.0,100450.0,2.5649319,-3.2924824
353,2020-12-15 17:00:00,275.52567,0.35,75.0,100420.0,3.4019022,-2.9336262
354,2020-12-15 18:00:00,275.62262,0.41,78.0,100440.0,4.3138456,-3.0471802
355,2020-12-15 19:00:00,275.07855,0.37,65.0,100490.0,3.9776077,-2.7478676
356,2020-12-15 20:00:00,273.80878,0.35,22.0,100540.0,4.023555,-2.2317848
357,2020-12-15 21:00:00,272.3993,0.33,-9.0,100580.0,3.6819992,-2.4813519
358,2020-12-15 22:00:00,272.19733,0.31,-6.0,100670.0,3.7247496,-2.1581478
359,2020-12-15 23:00:00,272.12262,0.3,2.0,100740.0,3.0970573,-2.4425955
360,2020-12-16 00:00:00,271.96692,0.34,0.0,100760.0,3.1756287,-3.1685047
361,2020-12-16 01:00:00,271.12378,0.28,0.0,100770.0,2.379156,-2.9804497
362,2020-12-16 02:00:00,270.71674,0.28,20.0,100800.0,2.116109,-2.9415398
363,2020-12-16 03:00:00,269.6648,0.23,10.0,100810.0,1.7938843,-2.4113579
364,2020-12-16 04:00:00,267.83142,0.07,-3.0,100760.0,0.7690439,-1.1854839
365,2020-12-16 05:00:00,267.0681,0.03,-1.0,100770.0,-0.41928482,-0.82113075
366,2020-12-16 06:00:00,266.58698,0.12,-5.0,100810.0,-1.7680178,-0.61079025
367,2020-12-16 07:00:00,266.0752,0.04,0.0,100900.0,-1.2877941,-0.17420578
368,2020-12-16 08:00:00,265.79135,0.13,-11.0,100910.0,-1.6277943,-1.5415106
369,2020-12-16 09:00:00,265.0401,0.07,-5.0,100950.0,-1.1148777,-1.5275784
370,2020-12-16 10:00:00,265.0774,0.15,-20.0,100920.0,-1.4758358,-2.0945454
371,2020-12-16 11:00:00,264.77594,0.16,-20.0,100960.0,-1.3103943,-2.3401318
372,2020-12-16 12:00:00,264.80984,0.26,-28.0,100960.0,-2.0929708,-3.171381
373,2020-12-16 13:00:00,265.11673,0.32,-14.0,100910.0,-1.6641312,-4.0606747
374,2020-12-16 14:00:00,266.52075,0.35,40.0,100940.0,-2.1658783,-4.1031036
375,2020-12-16 15:00:00,267.963,0.28,60.0,101020.0,-1.4994526,-3.1214924
376,2020-12-16 16:00:00,268.65018,0.32,81.0,100940.0,-1.6370811,-3.7286205
377,2020-12-16 17:00:00,268.76398,0.34,75.0,100790.0,-2.733961,-3.3705044
378,2020-12-16 18:00:00,268.92267,0.34,72.0,100670.0,-1.8071775,-3.974904
379,2020-12-16 19:00:00,268.99243,0.34,75.0,100580.0,-2.036314,-3.7162523
380,2020-12-16 20:00:00,268.0789,0.33,37.0,100500.0,-1.7348709,-3.9507895
381,2020-12-16 21:00:00,267.19455,0.37,8.0,100450.0,-1.1721001,-4.774542
382,2020-12-16 22:00:00,266.88635,0.37,9.0,100380.0,-2.1865978,-4.376857
383,2020-12-16 23:00:00,265.64087,0.42,-23.0,100320.0,-3.1151714,-4.8175488
384,2020-12-17 00:00:00,265.78613,0.45,-20.0,100180.0,-2.7210102,-5.4667225
385,2020-12-17 01:00:00,266.0886,0.53,0.0,100040.0,-3.6262531,-6.0697193
386,2020-12-17 02:00:00,266.01813,0.51,11.0,99940.0,-2.803959,-6.267334
387,2020-12-17 03:00:00,265.85367,0.61,-1.0,99710.0,-4.012064,-7.106703
388,2020-12-17 04:00:00,265.6209,0.73,1.0,99380.0,-3.8968506,-8.994051
389,2020-12-17 05:00:00,265.73126,0.62,3.0,99260.0,-4.242777,-7.11985
390,2020-12-17 06:00:00,265.97507,0.58,-5.0,99100.0,-2.7075233,-7.362465
391,2020-12-17 07:00:00,265.6286,0.52,-8.0,99090.0,-1.3645229,-6.8400583
392,2020-12-17 08:00:00,266.25052,0.48,-6.0,99160.0,-1.4584732,-6.315365
393,2020-12-17 09:00:00,266.51364,0.52,-8.0,99160.0,0.26722336,-7.0098553
394,2020-12-17 10:00:00,267.2681,0.58,-20.0,99100.0,0.025417328,-7.753891
395,2020-12-17 11:00:00,267.49548,0.56,-29.0,99060.0,-0.72431946,-7.452793
396,2020-12-17 12:00:00,269.2365,0.61,-10.0,99030.0,-2.473074,-7.702858
397,2020-12-17 13:00:00,268.9818,0.71,-23.0,99080.0,-2.574606,-9.15098
398,2020-12-17 14:00:00,269.38907,0.58,-10.0,99190.0,-2.0730362,-7.533703
399,2020-12-17 15:00:00,270.24896,0.41,-11.0,99320.0,-1.3682728,-5.3675594
400,2020-12-17 16:00:00,271.08893,0.49,18.0,99370.0,-2.3063526,-6.02211
401,2020-12-17 17:00:00,272.62253,0.29,13.0,99350.0,-1.2451744,-3.5399017
402,2020-12-17 18:00:00,273.11578,0.38,25.0,99380.0,-2.8128796,-3.9982548
403,2020-12-17 19:00:00,272.23196,0.29,14.0,99460.0,-1.8210754,-3.269949
404,2020-12-17 20:00:00,270.87173,0.24,-1.0,99530.0,-2.0712662,-2.4496956
405,2020-12-17 21:00:00,269.42276,0.23,-10.0,99590.0,-2.3331566,-2.0450516
406,2020-12-17 22:00:00,266.0653,0.08,-10.0,99680.0,-0.85830307,-2.0963192
407,2020-12-17 23:00:00,264.4699,0.14,-20.0,99800.0,-2.2283955,-2.5872612
408,2020-12-18 00:00:00,264.73596,0.1,-14.0,99910.0,-1.1977081,-2.1263466
409,2020-12-18 01:00:00,264.53137,0.01,-1.0,100000.0,-0.22019196,-0.40161896
410,2020-12-18 02:00:00,265.29797,0.06,-6.0,100050.0,-1.1992397,-1.5729637
411,2020-12-18 03:00:00,264.46472,0.06,-7.0,100030.0,-0.8815136,-1.779005
412,2020-12-18 04:00:00,264.1769,0.05,-6.0,99990.0,0.67303276,-1.6795387
413,2020-12-18 05:00:00,262.76532,0.05,-6.0,100020.0,-1.4789019,-0.9397049
414,2020-12-18 06:00:00,262.1091,0.08,-12.0,100050.0,-1.1381607,-2.2203083
415,2020-12-18 07:00:00,263.79123,0.07,-8.0,100070.0,0.029990196,-2.140335
416,2020-12-18 08:00:00,265.43643,0.01,-1.0,100160.0,-0.38310432,0.3281784
417,2020-12-18 09:00:00,266.16376,0.06,-3.0,100140.0,-0.9264431,-1.4442482
418,2020-12-18 10:00:00,264.4227,0.03,-3.0,100220.0,-0.9079466,-0.9054241
419,2020-12-18 11:00:00,265.86407,0.03,-1.0,100340.0,-0.9926491,-0.4050598
420,2020-12-18 12:00:00,263.52246,0.05,-4.0,100320.0,-0.91620445,-1.4322319
421,2020-12-18 13:00:00,262.64062,0.02,-2.0,100370.0,-0.07408905,-0.6638603
422,2020-12-18 14:00:00,264.72382,0.08,-6.0,100450.0,-0.09454346,-1.8936768
423,2020-12-18 15:00:00,268.49097,0.09,5.0,100520.0,0.5548668,-0.84921837
424,2020-12-18 16:00:00,271.7747,0.08,17.0,100510.0,-0.8025894,-0.09583664
425,2020-12-18 17:00:00,273.1388,0.06,17.0,100450.0,-0.6511259,-0.022275925
426,2020-12-18 18:00:00,273.1737,0.08,16.0,100440.0,-0.5500059,-0.5070267
427,2020-12-18 19:00:00,272.48102,0.15,18.0,100410.0,-1.7136755,-0.6687031
428,2020-12-18 20:00:00,270.68738,0.17,4.0,100500.0,-1.9311047,-1.1667128
429,2020-12-18 21:00:00,267.83405,0.07,-4.0,100560.0,-0.9385872,-1.4619904
430,2020-12-18 22:00:00,264.0959,0.05,-7.0,100620.0,-0.63795185,-1.7181902
431,2020-12-18 23:00:00,261.48645,0.06,-12.0,100670.0,0.7949934,-2.1083326
432,2020-12-19 00:00:00,259.91525,0.07,-15.0,100740.0,1.1497755,-2.173707
433,2020-12-19 01:00:00,258.32507,0.04,-7.0,100800.0,0.89688015,-0.99180984
434,2020-12-19 02:00:00,256.49103,0.05,-12.0,100770.0,1.534935,-0.9939842
435,2020-12-19 03:00:00,254.90541,0.04,-10.0,100770.0,1.5249891,0.49570465
436,2020-12-19 04:00:00,253.31468,0.03,-7.0,100830.0,1.0616827,0.3663969
437,2020-12-19 05:00:00,251.79887,0.04,-9.0,100790.0,1.171588,-0.7996063
438,2020-12-19 06:00:00,250.8408,0.05,-12.0,100830.0,1.7960443,0.33661938
439,2020-12-19 07:00:00,251.5776,0.04,-8.0,100830.0,1.4475517,-0.33545494
440,2020-12-19 08:00:00,251.79156,0.11,-28.0,100860.0,1.8516502,-2.7470465
441,2020-12-19 09:00:00,252.29396,0.06,-13.0,100850.0,1.8000393,-1.3427563
442,2020-12-19 10:00:00,250.73372,0.04,-10.0,100850.0,1.2935333,0.21485329
443,2020-12-19 11:00:00,250.08669,0.01,-3.0,100900.0,-0.2626896,0.32755852
444,2020-12-19 12:00:00,250.88725,0.02,-3.0,100950.0,0.45219994,-0.5137472
445,2020-12-19 13:00:00,252.4484,0.03,-4.0,100860.0,0.8279028,-0.5084305
446,2020-12-19 14:00:00,256.08276,0.05,-6.0,100910.0,1.413743,-0.8529358
447,2020-12-19 15:00:00,263.7187,0.01,1.0,100930.0,-0.111828804,0.051137924
448,2020-12-19 16:00:00,268.57248,0.09,22.0,100860.0,-0.22699738,0.907259
449,2020-12-19 17:00:00,270.95972,0.08,20.0,100790.0,-0.5808449,0.532835
450,2020-12-19 18:00:00,272.40433,0.1,28.0,100720.0,-0.6054621,0.9203663
451,2020-12-19 19:00:00,272.034,0.06,13.0,100680.0,-0.034876823,0.6118088
452,2020-12-19 20:00:00,270.0027,0.08,2.0,100670.0,-0.21788597,0.93922997
453,2020-12-19 21:00:00,267.29095,0.02,-1.0,100660.0,-0.57087994,0.5838108
454,2020-12-19 22:00:00,263.53445,0.02,-3.0,100660.0,-0.20106506,-0.77277565
455,2020-12-19 23:00:00,262.07153,0.02,-3.0,100600.0,0.73459625,-0.071689606
456,2020-12-20 00:00:00,260.52206,0.03,-5.0,100570.0,0.9981632,-0.3039837
457,2020-12-20 01:00:00,258.72333,0.03,-5.0,100500.0,0.6958246,0.6540489
458,2020-12-20 02:00:00,260.67267,0.05,-10.0,100510.0,1.2793112,1.4341526
459,2020-12-20 03:00:00,263.5531,0.08,-14.0,100500.0,1.9518375,1.6849327
460,2020-12-20 04:00:00,264.0379,0.05,-6.0,100510.0,1.485384,0.9085407
461,2020-12-20 05:00:00,264.65292,0.07,-9.0,100430.0,1.6227989,1.4565697
462,2020-12-20 06:00:00,265.41434,0.02,-2.0,100390.0,0.67403793,0.1981163
463,2020-12-20 07:00:00,265.13934,0.02,-2.0,100320.0,0.21676636,-0.7633095
464,2020-12-20 08:00:00,264.88947,0.03,-3.0,100310.0,0.9252815,-0.5275078
465,2020-12-20 09:00:00,264.82126,0.07,-10.0,100240.0,2.1398754,0.7919159
466,2020-12-20 10:00:00,265.38654,0.03,-3.0,100240.0,0.9773903,0.44918823
467,2020-12-20 11:00:00,265.43524,0.04,-5.0,100240.0,1.3035326,0.923378
468,2020-12-20 12:00:00,267.22385,0.06,-5.0,100200.0,1.8971596,-0.07894707
469,2020-12-20 13:00:00,268.77408,0.07,-4.0,100210.0,1.786726,-0.8008461
470,2020-12-20 14:00:00,270.24426,0.04,1.0,100150.0,0.20885277,-0.46227074
471,2020-12-20 15:00:00,271.53125,0.12,12.0,100030.0,-1.2530975,0.635437
472,2020-12-20 16:00:00,271.22357,0.11,2.0,99980.0,0.11796188,-1.399704
473,2020-12-20 17:00:00,272.8671,0.07,5.0,99830.0,-0.6613674,0.29583168
474,2020-12-20 18:00:00,272.85065,0.08,4.0,99810.0,-0.0010910034,0.93624306
475,2020-12-20 19:00:00,273.04437,0.09,2.0,99750.0,-0.17326927,1.0613422
476,2020-12-20 20:00:00,272.99384,0.07,0.0,99710.0,-0.6229744,0.845047
477,2020-12-20 21:00:00,273.1432,0.02,0.0,99680.0,-0.53328705,0.24237251
478,2020-12-20 22:00:00,272.9881,0.02,0.0,99650.0,-0.33633804,-0.500679
479,2020-12-20 23:00:00,272.83368,0.04,-1.0,99690.0,-0.6706724,-0.9285202
480,2020-12-21 00:00:00,272.58575,0.02,0.0,99650.0,0.31875706,-0.7447624
481,2020-12-21 01:00:00,272.6395,0.1,-3.0,99560.0,-0.86870193,-1.2517223
482,2020-12-21 02:00:00,272.57867,0.1,-2.0,99520.0,-0.0004968643,-1.5048046
483,2020-12-21 03:00:00,272.6404,0.06,-1.0,99480.0,0.46114826,-1.3408203
484,2020-12-21 04:00:00,272.2907,0.06,-1.0,99450.0,0.04926014,-1.4357109
485,2020-12-21 05:00:00,272.41113,0.05,-1.0,99400.0,-0.06574535,-1.2977695
486,2020-12-21 06:00:00,272.47784,0.03,-1.0,99370.0,0.9177189,-0.18287563
487,2020-12-21 07:00:00,272.85028,0.03,-1.0,99330.0,0.89531136,-0.18651485
488,2020-12-21 08:00:00,273.1441,0.02,0.0,99320.0,0.068603516,0.5944214
489,2020-12-21 09:00:00,273.14557,0.04,-1.0,99300.0,-0.9022007,0.726594
490,2020-12-21 10:00:00,273.13196,0.05,-2.0,99200.0,1.4692278,-0.037467957
491,2020-12-21 11:00:00,272.82468,0.05,-2.0,99190.0,1.2810011,0.5034447
492,2020-12-21 12:00:00,272.23828,0.02,-1.0,99130.0,-0.22983074,0.7212486
493,2020-12-21 13:00:00,272.95132,0.03,-1.0,99080.0,0.9836483,0.44566727
494,2020-12-21 14:00:00,273.01532,0.06,-1.0,99120.0,0.9805174,0.95944595
495,2020-12-21 15:00:00,274.6726,0.15,1.0,99120.0,1.2259436,1.5434151
496,2020-12-21 16:00:00,275.17822,0.17,-5.0,99030.0,1.7146301,1.6908817
497,2020-12-21 17:00:00,275.86804,0.13,-4.0,98900.0,1.0325489,1.6860371
498,2020-12-21 18:00:00,275.7827,0.07,-3.0,98780.0,0.4718113,1.6810989
499,2020-12-21 19:00:00,275.22028,0.05,-4.0,98720.0,0.94281006,1.4560184
500,2020-12-21 20:00:00,274.1764,0.09,-12.0,98650.0,1.1521502,2.170864
501,2020-12-21 21:00:00,273.11526,0.06,-7.0,98660.0,1.0748653,1.7176895
502,2020-12-21 22:00:00,271.0625,0.04,-6.0,98600.0,1.1212845,1.1323795
503,2020-12-21 23:00:00,269.84305,0.05,-7.0,98630.0,1.2450647,1.1984444
504,2020-12-22 00:00:00,269.7831,0.05,-7.0,98650.0,1.665967,0.68580055
505,2020-12-22 01:00:00,269.45358,0.05,-6.0,98590.0,1.0084543,1.2398186
506,2020-12-22 02:00:00,270.32956,0.04,-5.0,98560.0,1.5574169,0.31481934
507,2020-12-22 03:00:00,269.7166,0.05,-5.0,98550.0,1.3304462,0.97330475
508,2020-12-22 04:00:00,271.76953,0.04,-3.0,98540.0,1.4444466,-0.27967453
509,2020-12-22 05:00:00,273.10498,0.04,-2.0,98500.0,0.6660948,1.2331028
510,2020-12-22 06:00:00,270.921,0.04,-3.0,98440.0,1.3100891,0.14502525
511,2020-12-22 07:00:00,268.92987,0.07,-9.0,98440.0,1.8434076,1.307127
512,2020-12-22 08:00:00,266.9543,0.06,-11.0,98400.0,2.1677074,0.26396942
513,2020-12-22 09:00:00,265.62128,0.14,-41.0,98360.0,3.0951385,-1.8940048
514,2020-12-22 10:00:00,267.97028,0.08,-13.0,98420.0,2.1783123,1.3495522
515,2020-12-22 11:00:00,266.95648,0.1,-21.0,98470.0,2.9029722,-0.7653942
516,2020-12-22 12:00:00,266.4104,0.13,-34.0,98510.0,3.4510355,-0.6117687
517,2020-12-22 13:00:00,266.73914,0.08,-10.0,98540.0,1.8054733,1.6912594
518,2020-12-22 14:00:00,270.88965,0.1,-10.0,98660.0,1.8286018,1.5023708
519,2020-12-22 15:00:00,274.49,0.13,-10.0,98760.0,1.9708233,0.70199966
520,2020-12-22 16:00:00,275.55713,0.39,-30.0,98810.0,5.1700974,-1.5250206
521,2020-12-22 17:00:00,276.33252,0.39,-29.0,98870.0,5.2517138,-0.7659359
522,2020-12-22 18:00:00,276.3153,0.38,-32.0,98960.0,5.2317915,-0.47066498
523,2020-12-22 19:00:00,275.6363,0.3,-34.0,99080.0,4.1608133,-0.59501076
524,2020-12-22 20:00:00,275.0559,0.1,-8.0,99180.0,2.3053846,0.9917183
525,2020-12-22 21:00:00,274.08243,0.07,-7.0,99330.0,1.8272514,0.98501015
526,2020-12-22 22:00:00,270.5735,0.06,-10.0,99420.0,1.6532402,1.4726543
527,2020-12-22 23:00:00,269.64676,0.06,-13.0,99510.0,2.1358023,0.5101185
528,2020-12-23 00:00:00,267.60135,0.1,-28.0,99640.0,3.1690454,0.7917881
529,2020-12-23 01:00:00,269.43304,0.38,-140.0,99730.0,5.0970583,-2.6212158
530,2020-12-23 02:00:00,271.47247,0.33,-94.0,99840.0,4.103216,-2.9265385
531,2020-12-23 03:00:00,269.17743,0.35,-124.0,99940.0,4.867387,-2.3963547
532,2020-12-23 04:00:00,268.8785,0.09,-18.0,100040.0,2.793314,0.11704445
533,2020-12-23 05:00:00,265.55664,0.08,-19.0,100120.0,2.6030512,0.8735523
534,2020-12-23 06:00:00,266.7533,0.33,-116.0,100230.0,4.7336044,2.0799427
535,2020-12-23 07:00:00,265.739,0.11,-29.0,100350.0,3.1202888,1.209219
536,2020-12-23 08:00:00,263.84625,0.08,-22.0,100410.0,2.7329445,-0.54667854
537,2020-12-23 09:00:00,263.38837,0.13,-40.0,100460.0,3.7018375,-0.27625847
538,2020-12-23 10:00:00,263.68927,0.08,-20.0,100510.0,2.6720753,-0.7024231
539,2020-12-23 11:00:00,263.22815,0.06,-10.0,100620.0,2.004057,0.73934555
540,2020-12-23 12:00:00,263.9199,0.04,-10.0,100700.0,0.8050251,1.41539
541,2020-12-23 13:00:00,263.26312,0.08,-17.0,100730.0,2.6122684,-0.42046356
542,2020-12-23 14:00:00,268.23315,0.07,-10.0,100800.0,-0.116270065,2.2562904
543,2020-12-23 15:00:00,274.79904,0.07,0.0,100830.0,0.43423843,0.9048538
544,2020-12-23 16:00:00,275.34457,0.13,0.0,100860.0,-0.5943985,1.601448
545,2020-12-23 17:00:00,276.4256,0.13,0.0,100780.0,-0.5705147,1.4879017
546,2020-12-23 18:00:00,276.21866,0.05,0.0,100710.0,-0.6318779,0.28046036
547,2020-12-23 19:00:00,276.2406,0.04,0.0,100620.0,-0.8839054,0.50885963
548,2020-12-23 20:00:00,275.79492,0.02,-1.0,100620.0,-0.8141041,0.102119446
549,2020-12-23 21:00:00,273.9402,0.07,-10.0,100600.0,-1.7239952,-0.9402447
550,2020-12-23 22:00:00,271.57782,0.06,-10.0,100590.0,-1.863287,0.31621933
551,2020-12-23 23:00:00,271.15588,0.02,0.0,100600.0,-0.60370255,0.019742966
552,2020-12-24 00:00:00,270.9375,0.02,0.0,100620.0,-0.57102585,-0.17957878
553,2020-12-24 01:00:00,271.01624,0.05,0.0,100600.0,-1.3304157,1.0338078
554,2020-12-24 02:00:00,271.05182,0.05,0.0,100580.0,-0.56747437,1.6301346
555,2020-12-24 03:00:00,271.0831,0.05,0.0,100530.0,0.15096855,1.6856003
556,2020-12-24 04:00:00,271.22644,0.09,-10.0,100500.0,-0.7979946,2.4218311
557,2020-12-24 05:00:00,270.7934,0.07,-10.0,100450.0,-0.64151,2.099865
558,2020-12-24 06:00:00,270.84985,0.07,-10.0,100440.0,0.4769783,2.045065
559,2020-12-24 07:00:00,273.43414,0.1,-10.0,100400.0,0.7376919,2.261715
560,2020-12-24 08:00:00,273.42712,0.04,0.0,100360.0,0.51322174,1.2025089
561,2020-12-24 09:00:00,273.49744,0.03,0.0,100300.0,-0.4767666,-0.9845047
562,2020-12-24 10:00:00,273.92505,0.11,-10.0,100230.0,0.90542793,-2.5633736
563,2020-12-24 11:00:00,273.9298,0.09,-10.0,100130.0,0.078380585,-1.9870224
564,2020-12-24 12:00:00,272.9756,0.13,-20.0,100110.0,1.9508896,-2.5702972
565,2020-12-24 13:00:00,273.13696,0.1,-20.0,100090.0,0.9397564,-2.7082558
566,2020-12-24 14:00:00,275.11884,0.04,0.0,100010.0,1.2559204,-0.68813324
567,2020-12-24 15:00:00,276.6151,0.01,0.0,99930.0,-0.19587708,-0.0022029877
568,2020-12-24 16:00:00,278.39514,0.09,-10.0,99820.0,-2.1002598,1.3643093
569,2020-12-24 17:00:00,280.45084,0.3,-70.0,99650.0,-2.4533958,3.7861328
570,2020-12-24 18:00:00,281.13226,0.36,-90.0,99500.0,-2.9628391,4.3154793
571,2020-12-24 19:00:00,281.88763,0.39,-87.0,99440.0,-2.6758327,4.9241257
572,2020-12-24 20:00:00,282.1908,0.34,-69.0,99340.0,-3.3255014,3.6666431
573,2020-12-24 21:00:00,281.51663,0.19,-40.0,99260.0,-2.2922077,2.3558102
574,2020-12-24 22:00:00,282.99823,0.3,-26.0,99200.0,-2.8571253,2.9054127
575,2020-12-24 23:00:00,284.46948,0.47,-60.0,99180.0,-3.7147694,5.2028503
576,2020-12-25 00:00:00,284.496,0.21,-20.0,99070.0,-2.1880245,2.2399864
577,2020-12-25 01:00:00,285.04828,0.37,-40.0,98890.0,-4.1281395,2.9164162
578,2020-12-25 02:00:00,285.66455,0.16,-10.0,98730.0,-1.0095043,2.1818962
579,2020-12-25 03:00:00,285.469,0.5,-90.0,98580.0,-4.512907,5.2332983
580,2020-12-25 04:00:00,286.83066,0.28,-20.0,98550.0,-1.9355755,3.3666
581,2020-12-25 05:00:00,287.01282,0.46,-30.0,98180.0,-3.8980122,4.7504387
582,2020-12-25 06:00:00,287.70166,0.75,-90.0,97970.0,-6.102871,8.043276
583,2020-12-25 07:00:00,287.9831,0.63,-30.0,97930.0,-3.9678268,7.4576397
584,2020-12-25 08:00:00,288.26508,0.63,-60.0,97750.0,-5.6219387,6.2842026
585,2020-12-25 09:00:00,288.26483,0.65,-70.0,97670.0,-4.9746647,7.147894
586,2020-12-25 10:00:00,288.1429,0.51,-40.0,97750.0,-0.817791,6.883651
587,2020-12-25 11:00:00,286.8387,0.34,-30.0,97830.0,0.92160225,4.6828566
588,2020-12-25 12:00:00,286.55383,0.21,-10.0,97790.0,-1.1059284,2.6359692
589,2020-12-25 13:00:00,286.01904,0.2,0.0,97850.0,-1.3940287,2.3413944
590,2020-12-25 14:00:00,285.79446,0.36,-20.0,97820.0,-4.090226,2.7773933
591,2020-12-25 15:00:00,285.24884,0.4,-10.0,97790.0,-3.1532497,4.399544
592,2020-12-25 16:00:00,284.95782,0.42,-10.0,97720.0,-2.7819138,4.9201717
593,2020-12-25 17:00:00,284.47217,0.43,-10.0,97660.0,-1.9781647,5.405593
594,2020-12-25 18:00:00,282.8415,0.4,-10.0,97700.0,1.6213646,5.1711054
595,2020-12-25 19:00:00,281.20813,0.51,10.0,97690.0,3.6397724,5.624466
596,2020-12-25 20:00:00,279.9621,0.47,0.0,97700.0,2.7730627,5.55437
597,2020-12-25 21:00:00,278.76672,0.49,10.0,97860.0,1.7294788,6.313734
598,2020-12-25 22:00:00,277.34888,0.42,25.0,97940.0,3.6527958,4.1254234
599,2020-12-25 23:00:00,276.83002,0.35,5.0,98040.0,3.3321953,3.2752342
600,2020-12-26 00:00:00,272.17416,0.28,-70.0,98140.0,2.9016914,3.3526077
601,2020-12-26 01:00:00,273.58414,0.34,-23.0,98250.0,3.5042686,3.1758919
602,2020-12-26 02:00:00,273.28748,0.37,-14.0,98360.0,2.4315453,4.491005
603,2020-12-26 03:00:00,272.50156,0.41,-1.0,98470.0,4.63968,2.883379
604,2020-12-26 04:00:00,272.1153,0.51,40.0,98530.0,6.339924,2.1377544
605,2020-12-26 05:00:00,271.7055,0.5,52.0,98600.0,6.040104,2.3898993
606,2020-12-26 06:00:00,271.4579,0.51,64.0,98680.0,5.867756,3.2271872
607,2020-12-26 07:00:00,271.31354,0.48,65.0,98710.0,5.621393,2.8576736
608,2020-12-26 08:00:00,271.12805,0.45,70.0,98790.0,5.101053,2.961298
609,2020-12-26 09:00:00,271.05804,0.45,80.0,98840.0,5.1171436,2.8869772
610,2020-12-26 10:00:00,270.3971,0.41,100.0,98880.0,4.0990553,3.2485828
611,2020-12-26 11:00:00,268.45294,0.36,30.0,98940.0,3.59346,3.0580215
612,2020-12-26 12:00:00,266.8696,0.34,8.0,98990.0,3.154726,3.2073116
613,2020-12-26 13:00:00,266.93698,0.3,20.0,99060.0,2.6799917,2.9411793
614,2020-12-26 14:00:00,268.16962,0.36,45.0,99100.0,4.362112,1.6444035
615,2020-12-26 15:00:00,269.63425,0.36,56.0,99130.0,4.344083,1.705225
616,2020-12-26 16:00:00,270.97043,0.39,71.0,99120.0,4.6861534,2.0308113
617,2020-12-26 17:00:00,271.80792,0.33,60.0,99080.0,3.9264793,1.3822441
618,2020-12-26 18:00:00,272.44357,0.36,70.0,99060.0,4.0935917,2.0238686
619,2020-12-26 19:00:00,272.69427,0.4,77.0,99030.0,4.887274,1.6425247
620,2020-12-26 20:00:00,272.72223,0.36,69.0,99030.0,4.4843693,1.336669
621,2020-12-26 21:00:00,272.17407,0.36,65.0,99080.0,4.5069904,1.2507925
622,2020-12-26 22:00:00,271.77405,0.35,63.0,99170.0,4.1913958,1.6772032
623,2020-12-26 23:00:00,271.82947,0.38,80.0,99290.0,4.5518904,1.5200987
624,2020-12-27 00:00:00,271.6172,0.43,96.0,99360.0,5.06723,2.2842712
625,2020-12-27 01:00:00,271.39435,0.39,105.0,99410.0,4.4590464,2.232417
626,2020-12-27 02:00:00,270.81833,0.34,84.0,99460.0,3.4249325,2.6901598
627,2020-12-27 03:00:00,268.96478,0.33,20.0,99500.0,3.6775608,2.4711304
628,2020-12-27 04:00:00,267.81384,0.28,-10.0,99570.0,3.3142939,1.9021053
629,2020-12-27 05:00:00,267.49957,0.24,-9.0,99640.0,2.3749113,2.4002686
630,2020-12-27 06:00:00,266.98694,0.21,-9.0,99690.0,1.7645922,2.3354645
631,2020-12-27 07:00:00,266.38165,0.15,-10.0,99770.0,1.3939514,1.9436932
632,2020-12-27 08:00:00,266.07187,0.17,-18.0,99880.0,2.0130215,1.9038887
633,2020-12-27 09:00:00,265.79813,0.14,-13.0,99950.0,1.261733,2.082819
634,2020-12-27 10:00:00,265.7381,0.11,-10.0,100010.0,1.0014753,1.893712
635,2020-12-27 11:00:00,265.86124,0.17,-20.0,100160.0,1.0803127,2.477398
636,2020-12-27 12:00:00,265.97247,0.16,-12.0,100280.0,1.5144339,1.9417019
637,2020-12-27 13:00:00,266.66248,0.1,-4.0,100350.0,0.63925076,1.5702782
638,2020-12-27 14:00:00,269.06372,0.14,4.0,100380.0,1.7370081,0.61841965
639,2020-12-27 15:00:00,271.45255,0.18,15.0,100410.0,2.1782188,0.2500229
640,2020-12-27 16:00:00,272.96313,0.2,20.0,100450.0,2.53442,0.31550694
641,2020-12-27 17:00:00,273.68982,0.12,3.0,100400.0,1.5078926,0.502162
642,2020-12-27 18:00:00,274.2381,0.121047035,4.0,100450.0,0.74888706,1.3615179
643,2020-12-27 19:00:00,275.83484,0.19,36.0,100390.0,-0.109950066,2.2587395
644,2020-12-27 20:00:00,274.95337,0.21,5.0,100420.0,0.24367332,2.7568302
645,2020-12-27 21:00:00,273.42432,0.06,-4.0,100400.0,-0.44533157,1.6274862
646,2020-12-27 22:00:00,272.7384,0.1,-6.0,100490.0,0.17401314,1.7688217
647,2020-12-27 23:00:00,272.48108,0.06,-1.0,100510.0,0.18883419,1.1421967
648,2020-12-28 00:00:00,272.1731,0.08,-3.0,100550.0,0.15545654,1.4845867
649,2020-12-28 01:00:00,271.60492,0.04,-1.0,100530.0,0.06321716,1.1047096
650,2020-12-28 02:00:00,270.53552,0.04,-2.0,100530.0,-0.2881794,1.2359371
651,2020-12-28 03:00:00,269.7596,0.02,-1.0,100520.0,-0.12706566,0.89030266
652,2020-12-28 04:00:00,270.86383,0.03,-1.0,100530.0,0.19410324,0.9819546
653,2020-12-28 05:00:00,269.9569,0.02,-1.0,100480.0,0.7270317,0.4183426
654,2020-12-28 06:00:00,269.54755,0.03,-1.0,100410.0,1.0106983,0.24747276
655,2020-12-28 07:00:00,269.58005,0.02,-1.0,100360.0,-0.6290417,-0.3425045
656,2020-12-28 08:00:00,272.1831,0.1,-1.0,100330.0,-0.3428192,-1.413929
657,2020-12-28 09:00:00,272.92462,0.13,5.0,100230.0,-0.19816971,-1.6670094
658,2020-12-28 10:00:00,273.6447,0.06,0.0,100190.0,0.36523628,-0.74412537
659,2020-12-28 11:00:00,274.17947,0.04,-1.0,100080.0,0.75546837,-0.47748947
660,2020-12-28 12:00:00,273.00208,0.03,-2.0,100060.0,0.7849293,0.638464
661,2020-12-28 13:00:00,273.38806,0.21,-28.0,100070.0,2.0511723,2.5538998
662,2020-12-28 14:00:00,274.21832,0.2,-13.0,100070.0,0.6644707,2.905592
663,2020-12-28 15:00:00,276.06604,0.33,20.0,99980.0,1.0740261,4.1833754
664,2020-12-28 16:00:00,277.73517,0.28,22.0,99920.0,0.602129,3.5038252
665,2020-12-28 17:00:00,279.77887,0.32,37.0,99840.0,1.0879135,4.012265
666,2020-12-28 18:00:00,280.02338,0.31,20.0,99770.0,1.4878368,3.8068447
667,2020-12-28 19:00:00,280.15204,0.28,-3.0,99720.0,1.3927803,3.5277348
668,2020-12-28 20:00:00,279.7978,0.26,-24.0,99700.0,1.196003,3.5806532
669,2020-12-28 21:00:00,278.39957,0.19,-33.0,99730.0,1.4118195,2.9280329
670,2020-12-28 22:00:00,276.68832,0.07,-8.0,99750.0,0.9294586,2.0250673
671,2020-12-28 23:00:00,276.23395,0.09,-11.0,99780.0,1.84906,1.4542084
672,2020-12-29 00:00:00,276.29544,0.17,-30.0,99830.0,2.495699,1.9241295
673,2020-12-29 01:00:00,276.41473,0.25,-58.0,99870.0,3.59696,1.8375273
674,2020-12-29 02:00:00,276.2102,0.23,-50.0,99910.0,3.799265,0.098300934
675,2020-12-29 03:00:00,276.45587,0.2,-28.0,100000.0,3.0985374,-0.33016968
676,2020-12-29 04:00:00,275.3054,0.22,-50.0,100040.0,3.5913162,0.31335068
677,2020-12-29 05:00:00,274.89737,0.34,-70.0,100080.0,4.9061756,-0.86522675
678,2020-12-29 06:00:00,274.35123,0.33,-52.0,100120.0,4.301548,-1.7909613
679,2020-12-29 07:00:00,273.6792,0.15,-20.0,100180.0,2.6464672,-0.38946342
680,2020-12-29 08:00:00,273.39172,0.12,-15.0,100240.0,2.321272,0.6049824
681,2020-12-29 09:00:00,273.22266,0.05,-4.0,100300.0,1.5551577,0.5967741
682,2020-12-29 10:00:00,273.1197,0.08,-7.0,100330.0,1.9867573,-0.03586006
683,2020-12-29 11:00:00,273.0913,0.25,-30.0,100430.0,3.5598717,-1.2035027
684,2020-12-29 12:00:00,272.75195,0.28,-30.0,100500.0,3.9212255,-0.99843884
685,2020-12-29 13:00:00,272.74112,0.26,-20.0,100580.0,3.6428614,-0.8313198
686,2020-12-29 14:00:00,273.47244,0.34,0.0,100680.0,4.482565,0.22617531
687,2020-12-29 15:00:00,274.00073,0.46,20.0,100760.0,5.5371895,-2.6804028
688,2020-12-29 16:00:00,274.5915,0.52,30.0,100830.0,6.152508,-3.0423737
689,2020-12-29 17:00:00,275.18195,0.51,63.0,100840.0,5.958231,-3.043768
690,2020-12-29 18:00:00,274.84528,0.58,58.0,100840.0,7.2899647,-2.4221954
691,2020-12-29 19:00:00,274.51013,0.47,32.0,100900.0,5.7309647,-2.2607555
692,2020-12-29 20:00:00,273.6446,0.42,2.0,100930.0,4.915327,-2.6643248
693,2020-12-29 21:00:00,272.55786,0.35,-18.0,101020.0,4.0305834,-2.5273685
694,2020-12-29 22:00:00,272.44037,0.31,-15.0,101070.0,3.5439882,-2.3700466
695,2020-12-29 23:00:00,272.10986,0.35,-5.0,101110.0,3.8891726,-2.6541538
696,2020-12-30 00:00:00,271.65826,0.37,-1.0,101160.0,4.1726236,-2.591133
697,2020-12-30 01:00:00,271.04343,0.24,-3.0,101220.0,2.7986736,-1.6894436
698,2020-12-30 02:00:00,269.77243,0.23,-19.0,101270.0,2.4794226,-2.2949276
699,2020-12-30 03:00:00,269.1538,0.18,-18.0,101290.0,1.6077499,-2.3514233
700,2020-12-30 04:00:00,268.23315,0.08,-4.0,101320.0,1.4406748,0.6826515
701,2020-12-30 05:00:00,268.90192,0.15,8.0,101340.0,1.7397184,0.8450718
702,2020-12-30 06:00:00,267.71042,0.13,-9.0,101310.0,2.0784378,0.7802124
703,2020-12-30 07:00:00,268.03238,0.1,0.0,101310.0,1.4283295,0.25138092
704,2020-12-30 08:00:00,267.80728,0.08,-2.0,101280.0,0.90699005,1.0474415
705,2020-12-30 09:00:00,268.10263,0.1,-4.0,101230.0,0.8578415,1.3413086
706,2020-12-30 10:00:00,267.30377,0.02,0.0,101170.0,0.23236465,0.6646118
707,2020-12-30 11:00:00,267.68408,0.02,0.0,101100.0,0.7916775,0.15223694
708,2020-12-30 12:00:00,267.99573,0.08,-2.0,101110.0,1.2489777,0.467371
709,2020-12-30 13:00:00,269.0039,0.05,2.0,100990.0,0.12396431,0.50488853
710,2020-12-30 14:00:00,270.02234,0.1,17.0,101070.0,0.59041595,0.892786
711,2020-12-30 15:00:00,271.5668,0.14,45.0,101000.0,0.014587402,1.5246773
712,2020-12-30 16:00:00,272.3754,0.19,21.0,100910.0,0.6895857,2.181837
713,2020-12-30 17:00:00,273.44653,0.33,10.0,100720.0,1.4467344,4.1259365
714,2020-12-30 18:00:00,273.7998,0.34,13.0,100520.0,1.1724701,4.4142056
715,2020-12-30 19:00:00,274.5958,0.4,7.0,100400.0,1.3419895,5.1483593
716,2020-12-30 20:00:00,274.18903,0.31,-23.0,100300.0,1.2822876,4.099328
717,2020-12-30 21:00:00,273.18982,0.3,-50.0,100250.0,0.966692,4.2348785
718,2020-12-30 22:00:00,273.17395,0.26,-46.0,100160.0,0.38555145,3.9437714
719,2020-12-30 23:00:00,273.19696,0.32,-60.0,100040.0,0.7769928,4.5653477
720,2020-12-31 00:00:00,273.27448,0.33,-63.0,99950.0,1.4664326,4.6355457
721,2020-12-31 01:00:00,273.18805,0.35,-70.0,99870.0,2.2781963,4.539217
722,2020-12-31 02:00:00,273.1753,0.27,-52.0,99830.0,2.211481,3.5063877
723,2020-12-31 03:00:00,273.38626,0.1,-13.0,99680.0,1.4041882,2.012434
724,2020-12-31 04:00:00,273.5651,0.06,-5.0,99650.0,0.7049618,1.7718639
725,2020-12-31 05:00:00,274.59723,0.27,-50.0,99510.0,1.8851242,3.6020718
726,2020-12-31 06:00:00,275.1222,0.24,-32.0,99440.0,0.7778034,3.6015606
727,2020-12-31 07:00:00,275.01306,0.38,-55.0,99370.0,1.8303432,5.0141563
728,2020-12-31 08:00:00,275.09326,0.39,-65.0,99310.0,2.2495594,5.109519
729,2020-12-31 09:00:00,275.82684,0.32,-32.0,99280.0,2.242733,3.8403378
730,2020-12-31 10:00:00,275.7768,0.19,-11.0,99400.0,1.9191294,2.1053238
731,2020-12-31 11:00:00,275.69943,0.18,-15.0,99520.0,0.96839714,2.6384153
732,2020-12-31 12:00:00,275.9959,0.22,-23.0,99580.0,-0.44125748,3.2097416
733,2020-12-31 13:00:00,276.33014,0.2,-16.0,99690.0,1.428236,2.607792
734,2020-12-31 14:00:00,276.72858,0.16,-10.0,99860.0,2.0236168,1.2588749
735,2020-12-31 15:00:00,278.0625,0.19,5.0,99980.0,2.4113455,0.38636017
736,2020-12-31 16:00:00,277.4112,0.31,-2.0,99970.0,3.454441,-2.2265244
737,2020-12-31 17:00:00,277.71313,0.3,24.0,99900.0,3.2433338,-2.1848736
738,2020-12-31 18:00:00,277.57916,0.39,26.0,100020.0,4.731641,-2.1373081
739,2020-12-31 19:00:00,277.39304,0.33,21.0,100040.0,4.028739,-1.7208996
740,2020-12-31 20:00:00,276.06268,0.34,-16.0,100140.0,3.8680477,-2.533802
741,2020-12-31 21:00:00,275.35437,0.27,-19.0,100250.0,2.9464855,-2.4162083
742,2020-12-31 22:00:00,274.40137,0.13,-11.0,100380.0,2.100707,-0.89060974
743,2020-12-31 23:00:00,273.61612,0.14,-16.0,100460.0,2.4487867,-0.35608292
